Source,Target,Weight
1,12,2
1,10,4
1,26,1
1,185,2
1,16,9
1,67,1
1,4,18
1,5,21
1,38,2
1,17,2
1,22,3
1,18,4
1,57,1
1,93,1
1,14,11
1,24,2
1,2,33
1,61,2
1,95,1
1,34,2
1,11,5
1,21,3
1,3,1
1,40,1
1,9,7
1,7,5
1,94,1
1,178,1
1,35,1
1,15,11
1,33,1
1,112,1
1,41,1
1,25,1
1,47,1
1,48,1
1,23,1
1,59,1
1,19,1
1,20,1
1,6,12
1,13,9
1,53,1
1,43,1
1,89,3
1,27,3
1,133,1
1,8,16
2,12,2
2,10,3
2,26,2
2,42,1
2,111,1
2,16,6
2,4,33
2,197,1
2,5,45
2,22,3
2,18,1
2,14,10
2,37,1
2,11,8
2,3,1
2,9,2
2,7,9
2,35,1
2,15,1
2,25,1
2,47,1
2,48,1
2,23,1
2,31,1
2,13,7
2,6,19
2,1,33
2,27,1
2,133,1
2,8,8
3,184,1
3,67,1
3,4,6
3,5,5
3,17,1
3,2,1
3,70,1
3,11,7
3,112,1
3,88,1
3,117,1
3,90,3
3,31,1
3,32,8
3,62,1
3,6,2
3,229,1
3,122,1
3,1,1
3,65,2
3,231,2
3,98,1
3,92,2
3,8,1
4,10,1
4,16,2
4,5,17
4,243,1
4,14,1
4,2,33
4,29,1
4,21,1
4,11,3
4,3,6
4,7,3
4,15,5
4,25,1
4,23,1
4,59,1
4,31,1
4,13,5
4,6,14
4,83,1
4,1,18
4,27,2
4,8,5
5,12,1
5,10,16
5,28,1
5,16,2
5,67,2
5,4,17
5,38,1
5,22,8
5,17,2
5,182,1
5,14,20
5,2,45
5,70,2
5,21,1
5,11,30
5,3,5
5,9,10
5,7,33
5,94,1
5,15,12
5,194,1
5,23,6
5,59,1
5,19,10
5,69,1
5,90,1
5,31,5
5,20,5
5,13,13
5,6,63
5,32,1
5,1,21
5,27,4
5,8,25
6,179,1
6,12,7
6,10,16
6,26,3
6,111,2
6,8,18
6,28,3
6,16,3
6,4,14
6,5,63
6,38,5
6,45,3
6,64,2
6,22,6
6,18,1
6,17,2
6,52,1
6,14,24
6,24,2
6,2,19
6,183,2
6,81,1
6,70,1
6,34,7
6,21,2
6,11,17
6,37,3
6,40,2
6,3,2
6,80,1
6,9,11
6,7,9
6,35,1
6,44,1
6,15,8
6,33,1
6,41,2
6,25,4
6,47,1
6,116,1
6,60,2
6,23,7
6,39,2
6,48,1
6,59,6
6,36,3
6,219,1
6,19,5
6,32,1
6,53,1
6,43,4
6,1,12
6,55,1
6,27,7
6,133,3
6,13,4
7,8,6
7,16,2
7,68,1
7,4,3
7,5,33
7,45,1
7,18,1
7,182,1
7,14,8
7,2,9
7,70,1
7,11,3
7,9,1
7,202,2
7,94,1
7,35,2
7,15,1
7,33,1
7,25,1
7,88,1
7,36,2
7,19,2
7,31,1
7,6,9
7,53,1
7,1,5
7,89,1
7,13,1
8,12,2
8,10,1
8,26,1
8,67,1
8,16,1
8,4,5
8,5,25
8,45,1
8,38,1
8,22,5
8,17,4
8,18,1
8,14,8
8,24,2
8,2,8
8,34,1
8,11,3
8,3,1
8,7,6
8,15,8
8,33,1
8,25,5
8,23,1
8,88,2
8,19,1
8,27,2
8,31,1
8,20,2
8,32,1
8,6,18
8,53,1
8,43,1
8,1,16
8,89,2
8,208,1
8,37,2
9,12,1
9,10,7
9,184,1
9,26,1
9,28,1
9,16,2
9,5,10
9,38,4
9,45,2
9,22,2
9,17,2
9,52,1
9,57,1
9,14,6
9,24,2
9,2,2
9,61,1
9,95,4
9,70,1
9,34,1
9,11,11
9,21,1
9,40,1
9,94,1
9,7,1
9,35,1
9,44,2
9,15,1
9,33,1
9,119,1
9,25,2
9,60,2
9,23,4
9,48,1
9,39,3
9,59,1
9,36,1
9,19,7
9,27,4
9,31,2
9,6,11
9,53,1
9,103,1
9,43,1
9,1,7
9,98,1
9,89,1
9,37,7
9,13,1
10,12,3
10,26,2
10,42,1
10,28,1
10,16,5
10,4,1
10,5,16
10,38,2
10,45,1
10,64,2
10,18,1
10,22,2
10,17,1
10,14,3
10,24,3
10,99,1
10,2,3
10,95,1
10,81,1
10,34,5
10,11,13
10,21,1
10,134,1
10,9,7
10,178,1
10,15,3
10,33,3
10,47,1
10,23,4
10,19,3
10,27,3
10,13,2
10,6,16
10,204,1
10,43,1
10,1,4
10,65,1
10,124,1
10,208,1
10,37,1
10,8,1
11,12,12
11,10,13
11,42,2
11,28,1
11,4,3
11,46,1
11,161,1
11,38,6
11,5,30
11,45,2
11,22,8
11,17,2
11,18,2
11,173,1
11,14,20
11,24,2
11,2,8
11,61,1
11,70,2
11,34,2
11,37,2
11,21,1
11,3,7
11,9,11
11,7,3
11,44,2
11,15,1
11,33,1
11,25,3
11,60,3
11,23,9
11,39,5
11,59,2
11,19,11
11,191,1
11,6,17
11,13,5
11,43,1
11,1,5
11,49,1
11,208,1
11,27,5
11,8,3
12,174,1
12,10,3
12,42,3
12,16,1
12,147,1
12,5,1
12,17,2
12,14,2
12,2,2
12,37,3
12,11,12
12,34,1
12,9,1
12,15,1
12,33,1
12,25,1
12,23,2
12,36,2
12,19,1
12,6,7
12,62,2
12,1,2
12,65,1
12,27,2
12,8,2
13,10,2
13,26,1
13,28,1
13,16,5
13,4,5
13,5,13
13,38,2
13,45,1
13,22,1
13,14,26
13,24,1
13,2,7
13,34,3
13,11,5
13,9,1
13,7,1
13,35,1
13,15,5
13,23,1
13,36,1
13,31,1
13,6,4
13,1,9
13,27,1
14,12,2
14,26,3
14,10,3
14,42,4
14,16,1
14,68,1
14,4,1
14,92,1
14,5,20
14,38,2
14,22,3
14,18,1
14,24,2
14,2,10
14,70,1
14,34,1
14,11,20
14,21,1
14,134,1
14,9,6
14,7,8
14,202,2
14,15,8
14,33,1
14,25,25
14,48,3
14,23,6
14,19,2
14,27,11
14,31,2
14,6,24
14,13,26
14,1,11
14,37,1
14,8,8
15,12,1
15,10,3
15,16,10
15,91,1
15,4,5
15,5,12
15,17,5
15,22,2
15,18,1
15,14,8
15,24,1
15,2,1
15,95,1
15,70,1
15,34,1
15,11,1
15,9,1
15,7,1
15,156,1
15,58,2
15,86,1
15,117,1
15,19,1
15,13,5
15,6,8
15,1,11
15,89,1
15,133,1
15,8,8
16,12,1
16,10,5
16,42,2
16,4,2
16,161,1
16,5,2
16,45,2
16,130,1
16,177,2
16,22,1
16,17,1
16,135,1
16,182,1
16,57,1
16,180,1
16,14,1
16,24,1
16,2,6
16,183,1
16,37,2
16,34,1
16,84,3
16,9,2
16,7,2
16,227,1
16,35,1
16,44,1
16,15,10
16,33,1
16,41,1
16,77,1
16,20,1
16,6,3
16,13,5
16,43,1
16,1,9
16,27,1
16,181,2
16,133,1
16,8,1
17,12,2
17,10,1
17,42,2
17,28,5
17,16,1
17,147,1
17,46,2
17,5,2
17,45,1
17,51,1
17,177,1
17,64,2
17,18,6
17,22,5
17,52,1
17,182,1
17,56,1
17,24,2
17,61,2
17,126,1
17,132,1
17,21,5
17,11,2
17,40,2
17,3,1
17,9,2
17,35,1
17,58,2
17,44,1
17,15,5
17,41,1
17,77,2
17,25,1
17,47,2
17,215,1
17,60,1
17,48,1
17,23,7
17,117,1
17,219,1
17,59,2
17,88,1
17,19,4
17,20,3
17,6,2
17,62,3
17,110,1
17,122,1
17,53,2
17,43,1
17,1,2
17,55,1
17,208,1
17,27,4
17,85,1
17,121,1
17,8,4
18,26,1
18,184,1
18,10,1
18,28,1
18,244,1
18,46,1
18,45,2
18,177,7
18,64,1
18,22,3
18,17,6
18,57,2
18,182,1
18,14,1
18,180,1
18,54,1
18,2,1
18,183,1
18,81,1
18,21,4
18,11,2
18,84,1
18,7,1
18,94,1
18,252,1
18,35,2
18,15,1
18,86,1
18,33,2
18,25,1
18,47,1
18,60,2
18,23,6
18,59,1
18,19,4
18,20,1
18,6,1
18,62,1
18,50,1
18,1,4
18,55,1
18,49,1
18,27,2
18,8,1
19,12,1
19,10,3
19,26,2
19,192,1
19,67,1
19,68,2
19,5,10
19,45,2
19,18,4
19,17,4
19,22,4
19,52,1
19,248,1
19,24,1
19,14,2
19,66,1
19,70,3
19,21,1
19,11,11
19,37,1
19,9,7
19,7,2
19,35,1
19,44,1
19,15,1
19,33,1
19,218,1
19,25,2
19,60,3
19,23,5
19,88,2
19,59,2
19,31,3
19,20,6
19,32,2
19,6,5
19,53,1
19,43,1
19,1,1
19,50,1
19,49,1
19,27,5
19,8,1
20,42,1
20,74,1
20,201,1
20,28,2
20,185,1
20,67,1
20,16,1
20,46,2
20,5,5
20,45,1
20,64,1
20,22,2
20,18,1
20,17,3
20,52,1
20,24,6
20,70,1
20,21,5
20,40,2
20,137,1
20,112,1
20,41,1
20,47,1
20,60,1
20,23,4
20,59,1
20,19,6
20,62,2
20,53,2
20,83,2
20,1,1
20,50,1
20,43,1
20,49,1
20,63,1
20,8,2
21,10,1
21,4,1
21,46,1
21,38,1
21,45,1
21,5,1
21,22,14
21,17,5
21,18,4
21,57,1
21,14,1
21,24,7
21,96,1
21,70,2
21,11,1
21,9,1
21,41,2
21,47,2
21,23,19
21,88,1
21,48,1
21,19,1
21,20,5
21,6,2
21,62,3
21,53,1
21,43,1
21,1,3
21,65,1
21,63,1
21,124,1
21,27,3
22,163,1
22,26,3
22,10,2
22,42,3
22,28,1
22,67,2
22,16,1
22,68,1
22,5,8
22,45,3
22,64,4
22,52,1
22,17,5
22,18,3
22,14,3
22,24,1
22,99,1
22,2,3
22,61,3
22,70,6
22,21,14
22,11,8
22,37,2
22,40,1
22,9,2
22,15,2
22,25,1
22,47,1
22,60,2
22,23,8
22,48,1
22,19,4
22,69,1
22,20,2
22,6,6
22,13,1
22,53,1
22,43,2
22,1,3
22,65,1
22,98,1
22,124,1
22,27,2
22,121,1
22,8,5
23,12,2
23,10,4
23,42,1
23,8,1
23,28,1
23,4,1
23,172,1
23,5,6
23,45,2
23,38,1
23,51,1
23,64,1
23,22,8
23,18,6
23,17,7
23,52,2
23,182,1
23,14,6
23,24,16
23,2,1
23,66,1
23,21,19
23,11,9
23,37,1
23,9,4
23,58,1
23,25,4
23,47,1
23,60,1
23,219,1
23,39,1
23,59,3
23,19,5
23,20,4
23,6,7
23,62,1
23,110,1
23,53,1
23,43,1
23,1,1
23,50,1
23,55,2
23,208,1
23,27,2
23,13,1
24,26,1
24,10,3
24,42,1
24,74,1
24,28,2
24,16,1
24,38,1
24,52,1
24,17,2
24,22,1
24,14,2
24,126,1
24,95,1
24,21,7
24,11,2
24,40,1
24,9,2
24,94,1
24,35,1
24,15,1
24,86,1
24,33,1
24,41,1
24,25,1
24,60,3
24,23,16
24,19,1
24,226,1
24,20,6
24,6,2
24,62,2
24,13,1
24,53,1
24,1,2
24,55,2
24,108,1
24,89,1
24,27,1
24,8,2
25,12,1
25,26,3
25,67,1
25,4,1
25,38,1
25,45,1
25,130,1
25,195,1
25,18,1
25,64,1
25,17,1
25,22,1
25,14,25
25,24,1
25,128,1
25,2,1
25,115,1
25,70,1
25,11,3
25,9,2
25,7,1
25,254,1
25,23,4
25,19,2
25,31,2
25,6,4
25,1,1
25,55,1
25,27,12
25,8,5
26,10,2
26,72,1
26,155,1
26,28,1
26,67,1
26,92,1
26,45,1
26,195,2
26,22,3
26,241,1
26,18,1
26,14,3
26,24,1
26,2,2
26,95,1
26,115,1
26,70,2
26,34,1
26,9,1
26,25,3
26,47,1
26,219,2
26,88,1
26,19,2
26,31,4
26,6,3
26,13,1
26,1,1
26,223,1
26,158,1
26,49,4
26,208,1
26,27,1
26,8,1
27,12,2
27,10,3
27,26,1
27,42,1
27,235,1
27,8,2
27,28,10
27,16,1
27,4,2
27,5,4
27,45,5
27,38,2
27,17,4
27,18,2
27,22,2
27,14,11
27,24,1
27,99,1
27,61,1
27,2,1
27,21,3
27,11,5
27,40,2
27,9,4
27,137,1
27,33,5
27,25,12
27,141,1
27,23,2
27,39,2
27,88,1
27,19,5
27,131,1
27,142,1
27,6,7
27,1,3
27,37,2
27,170,2
27,13,1
28,174,1
28,10,1
28,26,1
28,169,1
28,192,3
28,197,1
28,5,1
28,64,1
28,17,5
28,22,1
28,18,1
28,24,2
28,66,1
28,37,1
28,11,1
28,9,1
28,202,1
28,23,1
28,39,3
28,88,1
28,36,1
28,90,1
28,31,4
28,20,2
28,6,3
28,62,2
28,166,1
28,55,1
28,208,5
28,27,10
28,170,1
28,13,1
29,235,1
29,4,1
29,30,55
29,78,1
29,205,2
30,103,1
30,29,55
30,80,1
30,31,2
30,205,1
30,32,1
31,174,4
31,26,4
31,184,1
31,169,2
31,201,1
31,221,1
31,28,4
31,67,8
31,68,3
31,4,1
31,161,2
31,105,1
31,5,5
31,172,3
31,171,1
31,114,2
31,187,1
31,248,2
31,14,2
31,2,1
31,66,2
31,70,3
31,3,1
31,134,1
31,9,2
31,202,4
31,7,1
31,254,1
31,77,1
31,25,2
31,219,1
31,193,1
31,30,2
31,19,3
31,69,1
31,90,1
31,191,1
31,190,1
31,205,1
31,32,3
31,13,1
31,228,1
31,83,1
31,89,2
31,208,3
31,92,1
31,181,1
31,165,1
31,144,1
31,8,1
32,201,2
32,192,1
32,5,1
32,195,1
32,70,4
32,3,8
32,152,2
32,94,1
32,252,1
32,211,1
32,141,1
32,117,1
32,30,1
32,19,2
32,90,2
32,31,3
32,6,1
32,186,1
32,65,1
32,98,2
32,157,1
32,133,1
32,8,1
33,12,1
33,10,3
33,184,1
33,42,6
33,74,5
33,111,2
33,16,1
33,46,3
33,38,21
33,45,7
33,73,1
33,78,1
33,109,1
33,177,1
33,52,1
33,18,2
33,57,2
33,54,1
33,14,1
33,24,1
33,56,1
33,95,1
33,34,14
33,37,26
33,11,1
33,40,4
33,84,1
33,9,1
33,178,1
33,7,1
33,94,1
33,35,7
33,58,7
33,44,1
33,107,1
33,41,10
33,47,11
33,60,1
33,48,3
33,39,3
33,117,1
33,59,3
33,36,6
33,88,1
33,19,1
33,69,1
33,75,1
33,160,2
33,6,1
33,159,2
33,87,1
33,43,2
33,1,1
33,50,1
33,55,3
33,108,1
33,49,2
33,89,1
33,27,5
33,85,1
33,8,1
34,12,1
34,10,5
34,26,1
34,42,4
34,16,1
34,46,1
34,38,6
34,45,2
34,51,1
34,177,3
34,64,1
34,56,1
34,54,1
34,14,1
34,180,1
34,61,2
34,11,2
34,40,1
34,167,1
34,9,1
34,178,2
34,35,5
34,58,1
34,15,1
34,33,14
34,41,3
34,219,1
34,48,1
34,36,4
34,59,1
34,13,3
34,6,7
34,43,3
34,1,2
34,50,1
34,37,12
34,121,2
34,8,1
35,42,3
35,16,1
35,147,1
35,46,1
35,38,4
35,51,1
35,177,1
35,64,1
35,17,1
35,18,2
35,24,1
35,2,1
35,34,5
35,40,1
35,84,1
35,9,1
35,7,2
35,97,1
35,44,2
35,224,1
35,33,7
35,47,4
35,116,1
35,60,1
35,39,3
35,36,5
35,59,2
35,19,1
35,203,1
35,6,1
35,50,1
35,43,1
35,1,1
35,245,1
35,37,6
35,85,1
35,13,1
36,12,2
36,28,1
36,38,1
36,56,1
36,61,1
36,34,4
36,9,1
36,7,2
36,178,1
36,35,5
36,44,1
36,107,1
36,33,6
36,41,1
36,253,2
36,39,4
36,6,3
36,37,3
36,121,1
36,133,1
36,13,1
37,163,1
37,12,3
37,113,1
37,10,1
37,42,6
37,169,1
37,28,1
37,16,2
37,161,1
37,38,49
37,45,1
37,78,2
37,177,1
37,22,2
37,57,1
37,14,1
37,246,1
37,61,2
37,2,1
37,96,1
37,34,12
37,11,2
37,40,27
37,9,7
37,35,6
37,44,3
37,33,26
37,41,4
37,77,1
37,47,5
37,60,1
37,48,5
37,39,37
37,23,1
37,59,1
37,36,3
37,19,1
37,6,3
37,79,1
37,43,5
37,55,1
37,27,2
37,8,2
38,10,2
38,42,4
38,201,1
38,8,1
38,5,1
38,45,7
38,51,1
38,54,2
38,14,2
38,24,1
38,61,1
38,183,1
38,34,6
38,11,6
38,37,49
38,40,6
38,21,1
38,9,4
38,35,4
38,44,1
38,33,21
38,41,1
38,25,1
38,47,5
38,60,3
38,48,2
38,253,1
38,39,5
38,36,1
38,23,1
38,59,1
38,175,1
38,242,1
38,205,1
38,6,5
38,53,1
38,43,6
38,1,2
38,50,1
38,55,1
38,49,1
38,27,2
38,13,2
39,42,2
39,28,3
39,197,1
39,46,1
39,38,5
39,45,1
39,37,37
39,11,5
39,40,15
39,9,3
39,254,1
39,35,3
39,44,2
39,33,3
39,41,2
39,199,2
39,47,3
39,48,1
39,193,1
39,23,1
39,59,2
39,36,4
39,88,1
39,249,1
39,6,2
39,62,1
39,43,2
39,55,1
39,251,2
39,208,1
39,27,2
39,250,3
40,42,1
40,67,1
40,46,1
40,38,6
40,73,1
40,22,1
40,17,2
40,57,1
40,24,1
40,95,2
40,34,1
40,37,27
40,9,1
40,35,1
40,58,1
40,44,1
40,33,4
40,41,1
40,47,2
40,60,2
40,39,15
40,20,2
40,6,2
40,83,2
40,43,2
40,1,1
40,27,2
41,42,10
41,16,1
41,46,1
41,38,1
41,45,3
41,64,1
41,52,1
41,17,1
41,57,1
41,54,6
41,24,1
41,61,1
41,95,1
41,81,1
41,34,3
41,21,2
41,40,1
41,44,3
41,58,1
41,33,10
41,47,3
41,39,2
41,59,3
41,36,1
41,20,1
41,6,2
41,62,1
41,43,6
41,1,1
41,37,4
42,113,1
42,12,3
42,10,1
42,16,2
42,46,3
42,92,1
42,38,4
42,45,2
42,64,4
42,17,2
42,22,3
42,56,1
42,54,6
42,14,4
42,24,1
42,246,1
42,2,1
42,34,4
42,11,2
42,40,1
42,35,3
42,44,4
42,33,6
42,41,10
42,47,5
42,60,1
42,48,4
42,39,2
42,23,1
42,59,1
42,160,1
42,27,1
42,20,1
42,53,2
42,43,12
42,50,1
42,55,1
42,49,1
42,37,6
43,10,1
43,42,12
43,16,1
43,46,1
43,38,6
43,45,6
43,64,4
43,22,2
43,17,1
43,54,5
43,34,3
43,11,1
43,40,2
43,21,1
43,9,1
43,35,1
43,44,5
43,33,2
43,41,6
43,47,2
43,60,1
43,23,1
43,39,2
43,59,1
43,75,1
43,19,1
43,20,1
43,6,4
43,53,1
43,103,1
43,1,1
43,55,1
43,37,5
43,8,1
44,42,4
44,169,1
44,16,1
44,38,1
44,45,4
44,64,3
44,17,1
44,56,1
44,54,1
44,61,5
44,126,1
44,11,2
44,40,1
44,9,2
44,35,2
44,33,1
44,41,3
44,212,1
44,47,1
44,88,1
44,39,2
44,59,3
44,36,1
44,19,1
44,6,1
44,62,1
44,53,2
44,43,5
44,37,3
45,10,1
45,26,1
45,42,2
45,129,1
45,8,1
45,16,2
45,127,1
45,46,5
45,105,1
45,38,7
45,51,1
45,64,3
45,22,3
45,18,2
45,17,1
45,56,1
45,54,2
45,61,2
45,21,1
45,11,2
45,37,1
45,34,2
45,9,2
45,7,1
45,44,4
45,58,1
45,33,7
45,41,3
45,25,1
45,47,6
45,60,1
45,23,2
45,39,1
45,48,1
45,59,2
45,101,1
45,19,2
45,20,1
45,6,3
45,53,2
45,43,6
45,55,1
45,49,1
45,27,5
45,13,1
46,42,3
46,45,5
46,17,2
46,18,1
46,56,1
46,54,2
46,21,1
46,11,1
46,40,1
46,34,1
46,35,1
46,58,1
46,33,3
46,41,1
46,60,1
46,39,1
46,160,1
46,20,2
46,43,1
47,10,1
47,26,1
47,42,5
47,38,5
47,45,6
47,64,3
47,52,3
47,17,2
47,22,1
47,18,1
47,57,5
47,54,3
47,2,1
47,96,2
47,21,2
47,40,2
47,94,1
47,35,4
47,44,1
47,33,11
47,41,3
47,60,2
47,48,4
47,39,3
47,23,1
47,59,1
47,20,1
47,6,1
47,43,2
47,1,1
47,63,1
47,37,5
48,42,4
48,221,1
48,67,1
48,38,2
48,45,1
48,17,1
48,22,1
48,222,1
48,56,1
48,14,3
48,57,1
48,96,1
48,132,1
48,2,1
48,207,1
48,34,1
48,21,1
48,118,1
48,80,1
48,84,1
48,9,1
48,137,1
48,252,1
48,58,1
48,224,1
48,33,3
48,206,2
48,47,4
48,116,1
48,39,1
48,117,1
48,59,1
48,6,1
48,186,1
48,53,2
48,83,1
48,1,1
48,124,1
48,208,2
48,37,5
48,165,1
49,26,4
49,42,1
49,100,1
49,127,1
49,38,1
49,45,1
49,51,10
49,64,1
49,52,25
49,18,1
49,56,6
49,99,1
49,66,1
49,11,1
49,33,2
49,19,1
49,104,1
49,20,1
49,205,1
49,53,3
49,50,41
49,55,5
50,42,1
50,72,1
50,38,1
50,51,2
50,52,4
50,18,1
50,56,2
50,54,2
50,246,1
50,66,1
50,34,1
50,35,1
50,58,1
50,33,1
50,60,1
50,23,1
50,88,1
50,101,1
50,19,1
50,20,1
50,159,1
50,55,1
50,158,1
50,49,41
51,56,4
51,54,1
51,136,1
51,50,2
51,106,2
51,55,1
51,23,1
51,49,10
51,34,1
51,158,2
51,38,1
51,45,1
51,160,1
51,17,1
51,35,1
51,145,1
51,205,1
51,52,3
52,113,1
52,51,3
52,64,2
52,17,1
52,22,1
52,99,1
52,24,1
52,9,1
52,33,1
52,41,1
52,47,3
52,23,2
52,219,1
52,117,1
52,19,1
52,205,1
52,6,1
52,62,2
52,20,1
52,50,4
52,55,2
52,49,25
52,82,1
53,42,2
53,185,1
53,68,1
53,73,1
53,45,2
53,38,1
53,64,2
53,22,1
53,17,2
53,54,3
53,24,1
53,61,1
53,21,1
53,9,1
53,7,1
53,44,2
53,215,1
53,60,2
53,48,2
53,23,1
53,59,7
53,19,1
53,20,2
53,6,1
53,62,1
53,43,1
53,1,1
53,140,1
53,49,3
53,8,1
54,123,1
54,42,6
54,155,1
54,46,2
54,38,2
54,45,2
54,51,1
54,64,3
54,18,1
54,56,2
54,99,1
54,128,1
54,61,1
54,66,1
54,106,1
54,34,1
54,44,1
54,156,1
54,33,1
54,41,6
54,47,3
54,60,1
54,59,1
54,75,1
54,160,1
54,62,1
54,159,3
54,53,3
54,43,5
54,50,2
54,55,1
54,82,1
55,42,1
55,221,1
55,28,1
55,38,1
55,45,1
55,51,1
55,17,1
55,52,2
55,18,1
55,57,1
55,54,1
55,128,1
55,24,2
55,61,1
55,33,3
55,25,1
55,60,2
55,23,2
55,39,1
55,6,1
55,230,1
55,62,1
55,50,1
55,43,1
55,49,5
55,37,1
56,42,1
56,46,1
56,45,1
56,51,4
56,109,2
56,64,1
56,17,1
56,54,2
56,95,1
56,81,1
56,34,1
56,254,1
56,44,1
56,33,1
56,199,1
56,219,1
56,193,2
56,48,1
56,36,1
56,59,1
56,50,2
56,49,6
56,208,1
57,16,1
57,150,1
57,18,2
57,99,1
57,95,5
57,21,1
57,40,1
57,9,1
57,94,8
57,58,8
57,33,2
57,41,1
57,47,5
57,60,1
57,48,1
57,59,1
57,90,1
57,87,2
57,83,1
57,1,1
57,55,1
57,63,1
57,37,1
57,85,1
58,91,1
58,46,1
58,45,1
58,17,2
58,135,1
58,57,8
58,34,1
58,40,1
58,84,1
58,94,1
58,153,1
58,15,2
58,33,7
58,41,1
58,60,4
58,48,1
58,23,1
58,59,1
58,50,1
59,42,1
59,4,1
59,161,1
59,5,1
59,45,2
59,38,1
59,64,6
59,17,2
59,195,1
59,18,1
59,57,1
59,56,1
59,54,1
59,61,2
59,34,1
59,11,2
59,9,1
59,94,1
59,35,2
59,44,3
59,58,1
59,33,3
59,41,3
59,212,3
59,47,1
59,60,4
59,23,3
59,48,1
59,39,2
59,219,1
59,19,2
59,90,1
59,205,1
59,20,1
59,6,6
59,62,1
59,53,7
59,43,1
59,1,1
59,37,1
60,42,1
60,46,1
60,38,3
60,78,1
60,45,1
60,64,3
60,17,1
60,22,2
60,18,2
60,57,1
60,54,1
60,24,3
60,99,1
60,61,2
60,11,3
60,40,2
60,9,2
60,213,1
60,254,1
60,35,1
60,58,4
60,33,1
60,112,1
60,47,2
60,23,1
60,59,4
60,19,3
60,160,1
60,20,1
60,6,2
60,62,1
60,159,1
60,53,2
60,43,1
60,50,1
60,154,1
60,55,2
60,98,1
60,37,1
60,250,1
61,184,1
61,38,1
61,45,2
61,177,1
61,64,9
61,17,2
61,22,3
61,54,1
61,81,1
61,34,2
61,11,1
61,84,1
61,9,1
61,44,5
61,86,1
61,41,1
61,60,2
61,59,2
61,36,1
61,27,1
61,205,1
61,62,4
61,53,1
61,125,1
61,1,2
61,55,1
61,98,1
61,124,1
61,37,2
61,85,2
62,12,2
62,111,1
62,28,2
62,71,1
62,138,1
62,114,1
62,64,7
62,17,3
62,173,1
62,52,2
62,18,1
62,54,1
62,24,2
62,61,4
62,126,1
62,66,1
62,21,3
62,3,1
62,152,1
62,153,1
62,44,1
62,41,1
62,60,1
62,23,1
62,39,1
62,59,1
62,20,2
62,53,1
62,125,1
62,55,1
62,124,1
62,208,2
63,57,1
63,128,1
63,47,1
63,70,1
63,21,1
63,64,26
63,85,1
63,20,1
64,10,2
64,42,4
64,28,1
64,45,3
64,52,2
64,22,4
64,17,2
64,18,1
64,56,1
64,54,3
64,61,9
64,34,1
64,35,1
64,44,3
64,41,1
64,206,1
64,25,1
64,47,3
64,60,3
64,23,1
64,59,6
64,20,1
64,6,2
64,62,7
64,53,2
64,43,4
64,49,1
64,63,26
64,121,1
65,12,1
65,10,1
65,74,2
65,72,2
65,192,1
65,67,78
65,68,13
65,82,1
65,71,4
65,78,2
65,22,1
65,135,1
65,66,5
65,70,20
65,21,1
65,3,2
65,80,2
65,152,1
65,77,7
65,212,1
65,141,1
65,219,1
65,75,1
65,69,35
65,32,1
65,79,2
65,83,1
65,125,1
65,92,1
65,133,1
66,174,1
66,72,1
66,28,1
66,192,1
66,67,37
66,68,17
66,78,4
66,71,5
66,54,1
66,99,1
66,70,6
66,80,1
66,213,1
66,77,9
66,23,1
66,88,1
66,19,1
66,31,2
66,205,1
66,62,1
66,87,1
66,79,6
66,50,1
66,49,1
66,65,5
66,82,1
67,26,1
67,74,5
67,72,2
67,68,121
67,82,2
67,78,9
67,71,3
67,73,3
67,5,2
67,76,2
67,195,1
67,22,2
67,248,1
67,66,37
67,70,13
67,40,1
67,3,1
67,80,4
67,152,1
67,77,17
67,25,1
67,48,1
67,193,1
67,219,1
67,19,1
67,69,29
67,220,1
67,31,8
67,90,2
67,20,1
67,204,1
67,228,3
67,79,5
67,1,1
67,65,78
67,208,2
67,92,1
67,144,1
67,8,1
68,113,1
68,74,2
68,67,121
68,71,2
68,73,1
68,78,1
68,22,1
68,14,1
68,66,17
68,70,9
68,80,3
68,7,1
68,77,7
68,75,2
68,69,3
68,19,2
68,31,3
68,226,1
68,79,6
68,53,1
68,65,13
68,124,1
69,184,1
69,74,2
69,67,29
69,68,3
69,78,2
69,5,1
69,73,1
69,22,1
69,132,1
69,70,12
69,80,2
69,33,1
69,77,1
69,31,1
69,79,2
69,65,35
69,98,1
69,89,1
69,85,1
70,174,1
70,113,1
70,26,2
70,149,1
70,67,13
70,68,9
70,150,1
70,127,1
70,5,2
70,71,3
70,73,1
70,78,1
70,114,2
70,22,6
70,14,1
70,66,6
70,183,1
70,81,1
70,115,1
70,21,2
70,11,2
70,3,1
70,80,3
70,152,1
70,9,1
70,7,1
70,202,1
70,15,1
70,86,1
70,112,1
70,25,1
70,77,1
70,116,1
70,88,3
70,117,1
70,19,3
70,69,12
70,90,1
70,31,3
70,205,1
70,32,4
70,6,1
70,20,1
70,87,2
70,79,3
70,83,2
70,65,20
70,63,1
70,98,1
70,89,1
70,92,1
70,121,1
71,74,5
71,67,3
71,91,1
71,68,2
71,73,6
71,78,10
71,66,5
71,70,3
71,80,3
71,86,1
71,77,13
71,141,1
71,234,1
71,88,1
71,75,3
71,90,1
71,62,1
71,79,5
71,83,1
71,125,1
71,65,4
72,26,1
72,74,5
72,67,2
72,73,8
72,78,1
72,76,2
72,66,1
72,80,4
72,134,1
72,94,1
72,97,2
72,252,1
72,86,1
72,218,1
72,77,6
72,88,1
72,75,4
72,160,1
72,159,1
72,87,1
72,79,7
72,103,1
72,50,1
72,83,2
72,65,2
72,121,1
72,148,1
73,113,2
73,74,45
73,72,8
73,67,3
73,68,1
73,71,6
73,78,7
73,76,7
73,106,3
73,70,1
73,40,1
73,80,13
73,84,1
73,33,1
73,77,23
73,75,23
73,69,1
73,160,3
73,79,16
73,53,1
73,158,2
74,123,1
74,113,2
74,235,1
74,72,5
74,100,1
74,67,5
74,68,2
74,73,45
74,78,28
74,71,5
74,76,18
74,114,1
74,99,2
74,24,1
74,106,1
74,134,2
74,80,19
74,97,1
74,33,5
74,107,1
74,77,30
74,75,29
74,69,2
74,160,1
74,120,1
74,104,1
74,20,1
74,159,2
74,79,18
74,103,1
74,65,2
74,124,1
74,82,2
75,113,1
75,74,29
75,72,4
75,68,2
75,71,3
75,73,23
75,78,11
75,138,1
75,76,16
75,54,1
75,106,1
75,80,11
75,97,1
75,33,1
75,77,10
75,237,1
75,160,1
75,159,3
75,79,6
75,43,1
75,65,1
75,82,1
76,79,3
76,74,18
76,72,2
76,77,9
76,100,1
76,67,2
76,80,8
76,75,16
76,78,16
76,73,7
77,72,6
77,74,30
77,67,17
77,68,7
77,16,1
77,255,2
77,73,23
77,71,13
77,78,34
77,138,1
77,76,9
77,17,2
77,243,1
77,66,9
77,70,1
77,80,27
77,212,1
77,88,1
77,117,1
77,75,10
77,69,1
77,31,1
77,120,1
77,79,20
77,140,1
77,251,2
77,65,7
77,37,1
77,165,1
77,148,2
78,163,1
78,74,28
78,72,1
78,185,1
78,67,9
78,68,1
78,73,7
78,71,10
78,76,16
78,114,1
78,99,2
78,66,4
78,115,1
78,29,1
78,70,1
78,80,23
78,86,1
78,33,1
78,77,34
78,60,1
78,75,11
78,69,2
78,79,19
78,103,2
78,125,1
78,65,2
78,208,1
78,37,2
79,74,18
79,72,7
79,67,5
79,68,6
79,71,5
79,73,16
79,78,19
79,76,3
79,66,6
79,106,1
79,70,3
79,80,31
79,86,2
79,77,20
79,75,6
79,69,2
79,65,2
79,37,1
79,148,1
80,74,19
80,72,4
80,67,4
80,68,3
80,78,23
80,73,13
80,71,3
80,171,1
80,76,8
80,109,1
80,66,1
80,106,1
80,70,3
80,77,27
80,48,1
80,88,1
80,30,1
80,101,1
80,75,11
80,69,2
80,6,1
80,79,31
80,65,2
81,113,1
81,129,1
81,10,1
81,111,2
81,91,1
81,18,1
81,56,1
81,93,1
81,182,1
81,99,1
81,61,1
81,70,1
81,84,1
81,152,1
81,137,1
81,94,1
81,112,1
81,41,1
81,117,2
81,151,1
81,90,1
81,131,1
81,120,1
81,6,1
81,87,1
81,83,2
81,125,1
81,108,1
81,89,7
81,82,4
81,85,1
81,121,1
82,74,2
82,67,2
82,105,1
82,52,1
82,54,1
82,128,1
82,66,1
82,106,1
82,81,4
82,84,1
82,97,1
82,102,1
82,107,1
82,101,1
82,75,1
82,160,1
82,159,1
82,110,1
82,108,1
82,65,1
82,89,4
83,168,1
83,163,1
83,72,2
83,111,2
83,127,1
83,4,1
83,71,1
83,57,1
83,96,1
83,95,1
83,81,2
83,70,2
83,40,2
83,94,1
83,48,1
83,88,1
83,31,1
83,20,2
83,186,1
83,125,2
83,154,1
83,65,1
83,89,2
83,92,1
84,33,1
84,182,3
84,184,3
84,61,1
84,81,1
84,48,1
84,16,3
84,117,1
84,35,1
84,73,1
84,82,1
84,181,1
84,177,5
84,58,1
84,18,1
85,33,1
85,87,1
85,182,4
85,184,4
85,57,1
85,61,2
85,212,1
85,183,1
85,141,1
85,81,1
85,63,1
85,89,4
85,69,1
85,86,1
85,92,1
85,35,1
85,17,1
86,72,1
86,111,1
86,185,1
86,71,1
86,78,1
86,18,1
86,24,1
86,61,1
86,115,1
86,70,1
86,134,1
86,232,1
86,15,1
86,194,1
86,136,1
86,90,1
86,151,1
86,79,2
86,125,1
86,251,1
86,124,1
86,89,2
86,85,1
87,33,1
87,85,1
87,57,2
87,186,1
87,72,1
87,125,1
87,66,1
87,116,1
87,95,1
87,81,1
87,70,2
87,88,2
87,98,1
87,151,1
87,94,3
87,131,1
87,114,1
87,187,1
88,26,1
88,72,1
88,192,1
88,28,1
88,150,2
88,185,1
88,71,1
88,109,1
88,17,1
88,99,4
88,66,1
88,70,3
88,21,1
88,3,1
88,80,1
88,7,1
88,97,1
88,94,1
88,254,1
88,44,1
88,102,1
88,33,1
88,112,1
88,77,1
88,141,1
88,39,1
88,101,2
88,19,2
88,90,2
88,131,1
88,104,1
88,87,2
88,186,1
88,83,1
88,50,1
88,89,5
88,208,1
88,27,1
88,8,2
89,179,2
89,184,4
89,149,1
89,185,5
89,91,3
89,255,1
89,82,4
89,139,1
89,138,1
89,177,2
89,182,9
89,93,2
89,24,1
89,96,2
89,126,1
89,183,1
89,95,1
89,81,7
89,70,1
89,134,2
89,9,1
89,7,1
89,94,3
89,137,1
89,156,1
89,15,1
89,86,2
89,33,1
89,141,2
89,88,5
89,117,3
89,69,1
89,90,13
89,31,2
89,131,1
89,151,1
89,85,4
89,83,2
89,125,1
89,1,3
89,92,6
89,181,7
89,8,2
90,179,1
90,184,1
90,185,1
90,28,1
90,91,2
90,67,2
90,150,1
90,71,1
90,5,1
90,182,4
90,57,1
90,128,1
90,183,1
90,81,1
90,70,1
90,3,3
90,152,1
90,94,6
90,156,1
90,86,1
90,193,1
90,88,2
90,59,1
90,101,1
90,31,1
90,131,1
90,240,1
90,32,2
90,89,13
90,208,1
90,92,1
90,181,4
91,113,2
91,111,1
91,71,1
91,99,1
91,126,1
91,81,1
91,115,1
91,137,1
91,94,1
91,58,1
91,15,1
91,141,1
91,117,1
91,90,2
91,146,1
91,140,1
91,108,1
91,98,1
91,89,3
91,92,1
91,133,2
92,85,1
92,93,6
92,14,1
92,42,1
92,26,1
92,83,1
92,111,1
92,67,1
92,70,1
92,91,1
92,65,1
92,3,2
92,89,6
92,90,1
92,31,1
92,94,4
92,133,1
93,96,7
93,1,1
93,95,5
93,81,1
93,92,6
93,89,2
93,94,14
94,184,1
94,72,1
94,91,1
94,5,1
94,18,1
94,57,8
94,93,14
94,182,1
94,24,1
94,96,9
94,126,1
94,95,11
94,81,1
94,9,1
94,7,1
94,58,1
94,33,1
94,47,1
94,219,1
94,88,1
94,59,1
94,90,6
94,198,1
94,32,1
94,87,3
94,83,1
94,125,2
94,1,1
94,89,3
94,92,4
95,33,1
95,87,1
95,57,5
95,93,5
95,56,1
95,41,1
95,24,1
95,96,18
95,83,1
95,1,1
95,10,1
95,26,1
95,40,2
95,89,1
95,9,4
95,94,11
95,15,1
96,93,7
96,126,1
96,47,2
96,95,18
96,83,1
96,48,1
96,37,1
96,21,1
96,89,2
96,94,9
97,113,3
97,72,2
97,100,13
97,74,1
97,185,1
97,105,2
97,109,1
97,114,2
97,99,10
97,106,4
97,35,1
97,145,1
97,102,12
97,107,9
97,112,4
97,119,3
97,88,1
97,101,18
97,75,1
97,104,17
97,120,2
97,205,1
97,110,7
97,103,16
97,125,1
97,108,6
97,98,21
97,157,2
97,82,1
97,121,1
97,144,1
98,113,1
98,91,1
98,105,1
98,177,1
98,22,1
98,99,1
98,61,1
98,106,1
98,70,1
98,3,1
98,9,1
98,97,21
98,102,2
98,112,3
98,60,1
98,101,2
98,69,1
98,175,1
98,104,6
98,32,2
98,110,1
98,87,1
98,103,4
98,121,1
99,179,1
99,113,1
99,10,1
99,74,2
99,100,2
99,111,1
99,91,1
99,105,2
99,78,2
99,109,2
99,52,1
99,22,1
99,57,1
99,54,1
99,66,1
99,106,1
99,81,1
99,207,2
99,134,1
99,178,1
99,97,10
99,137,1
99,102,6
99,107,3
99,112,1
99,60,1
99,88,4
99,101,7
99,160,1
99,104,4
99,110,4
99,159,1
99,122,1
99,103,13
99,49,1
99,98,1
99,124,1
99,27,1
100,74,1
100,255,1
100,105,2
100,138,1
100,76,1
100,114,1
100,99,2
100,106,2
100,232,1
100,97,13
100,145,2
100,102,6
100,107,2
100,218,1
100,119,1
100,136,1
100,117,1
100,101,14
100,240,1
100,104,2
100,217,1
100,103,13
100,49,1
100,208,1
100,148,1
101,123,1
101,113,6
101,155,1
101,100,14
101,111,3
101,185,1
101,147,1
101,255,1
101,105,6
101,45,1
101,109,1
101,114,3
101,135,1
101,99,7
101,106,3
101,115,1
101,80,1
101,97,18
101,156,2
101,102,29
101,107,15
101,112,2
101,119,2
101,136,1
101,237,2
101,88,2
101,117,1
101,90,1
101,131,2
101,104,16
101,120,1
101,110,11
101,159,1
101,103,29
101,50,1
101,108,3
101,231,1
101,98,2
101,124,1
101,157,1
101,82,1
101,121,3
101,133,1
102,123,1
102,113,12
102,100,6
102,105,2
102,109,1
102,114,7
102,177,1
102,99,6
102,126,1
102,106,7
102,115,1
102,97,12
102,254,1
102,153,1
102,107,19
102,112,1
102,119,3
102,253,1
102,88,1
102,101,29
102,131,1
102,104,18
102,120,2
102,110,9
102,103,25
102,108,9
102,98,2
102,124,1
102,82,1
102,121,3
102,133,5
103,113,12
103,235,1
103,72,1
103,100,13
103,111,12
103,74,1
103,105,4
103,78,2
103,139,4
103,109,3
103,114,5
103,187,1
103,99,13
103,106,1
103,115,1
103,118,1
103,152,1
103,9,1
103,97,16
103,102,25
103,107,9
103,112,4
103,119,32
103,136,1
103,237,1
103,117,1
103,30,1
103,101,29
103,120,14
103,104,60
103,142,1
103,110,8
103,217,1
103,43,1
103,98,4
103,170,1
103,133,5
104,113,3
104,155,1
104,74,1
104,111,1
104,100,2
104,105,1
104,109,2
104,114,7
104,135,1
104,99,4
104,115,1
104,118,1
104,134,1
104,97,17
104,145,1
104,102,18
104,107,3
104,112,1
104,119,6
104,88,1
104,101,16
104,120,7
104,110,6
104,159,1
104,103,60
104,108,2
104,49,1
104,124,1
104,98,6
105,113,1
105,100,2
105,45,1
105,114,1
105,233,1
105,99,2
105,106,13
105,97,2
105,102,2
105,107,6
105,112,3
105,216,1
105,119,1
105,116,1
105,101,6
105,31,1
105,104,1
105,205,1
105,110,4
105,103,4
105,157,1
105,98,1
105,82,1
105,121,2
106,123,10
106,113,2
106,129,1
106,74,1
106,100,2
106,105,13
106,73,3
106,51,2
106,109,2
106,54,1
106,99,1
106,115,2
106,80,1
106,97,4
106,102,7
106,107,21
106,101,3
106,75,1
106,110,3
106,159,1
106,79,1
106,103,1
106,108,1
106,98,1
106,124,1
106,82,1
106,121,1
107,123,2
107,113,14
107,74,1
107,100,2
107,127,1
107,105,6
107,109,3
107,114,7
107,177,1
107,99,3
107,106,21
107,115,1
107,97,9
107,252,1
107,102,19
107,33,1
107,119,1
107,116,1
107,36,1
107,101,15
107,104,3
107,110,11
107,103,9
107,140,1
107,108,9
107,124,2
107,82,1
107,121,1
107,133,1
108,113,3
108,91,1
108,127,1
108,109,1
108,114,1
108,130,1
108,173,1
108,24,1
108,126,1
108,106,1
108,81,1
108,118,1
108,97,6
108,102,9
108,107,9
108,33,1
108,136,1
108,101,3
108,104,2
108,110,5
108,82,1
109,123,1
109,113,2
109,111,2
109,241,1
109,56,2
109,99,2
109,106,2
109,118,1
109,80,1
109,97,1
109,102,1
109,107,3
109,33,1
109,112,2
109,199,3
109,88,1
109,101,1
109,120,1
109,104,2
109,110,11
109,122,2
109,103,3
109,125,2
109,108,1
109,208,1
109,121,1
110,113,1
110,111,1
110,255,1
110,105,4
110,109,11
110,114,1
110,17,1
110,135,1
110,99,4
110,132,1
110,106,3
110,115,1
110,97,7
110,102,9
110,107,11
110,112,2
110,119,2
110,23,1
110,101,11
110,104,6
110,103,8
110,108,5
110,98,1
110,157,1
110,124,1
110,82,1
111,91,1
111,255,1
111,109,2
111,130,1
111,99,1
111,2,1
111,81,2
111,115,2
111,118,1
111,232,1
111,254,1
111,86,1
111,33,2
111,112,1
111,101,3
111,151,1
111,104,1
111,6,2
111,62,1
111,110,1
111,103,12
111,83,2
111,125,3
111,124,2
111,92,1
112,155,1
112,111,1
112,127,1
112,105,3
112,109,2
112,99,1
112,126,1
112,81,1
112,70,1
112,115,1
112,3,1
112,97,4
112,102,1
112,119,2
112,60,1
112,88,1
112,101,2
112,104,1
112,20,1
112,110,2
112,103,4
112,1,1
112,98,3
113,123,60
113,42,1
113,74,2
113,91,2
113,127,20
113,147,1
113,68,1
113,255,2
113,105,1
113,73,2
113,109,2
113,114,120
113,52,1
113,135,2
113,128,8
113,99,1
113,126,8
113,106,2
113,115,81
113,81,1
113,70,1
113,118,14
113,97,3
113,102,12
113,107,14
113,119,40
113,116,31
113,117,15
113,101,6
113,75,1
113,120,37
113,104,3
113,110,1
113,122,8
113,103,12
113,125,6
113,108,3
113,124,29
113,98,1
113,37,1
113,121,26
114,123,12
114,113,120
114,149,1
114,74,1
114,100,1
114,192,1
114,185,1
114,127,2
114,147,1
114,255,1
114,105,1
114,78,1
114,233,2
114,135,1
114,128,1
114,126,2
114,115,37
114,70,2
114,118,8
114,227,1
114,97,2
114,102,7
114,107,7
114,119,23
114,116,6
114,117,11
114,101,3
114,31,2
114,120,21
114,104,7
114,110,1
114,62,1
114,87,1
114,122,5
114,103,5
114,125,2
114,108,1
114,124,10
114,208,1
114,121,1
114,133,1
115,123,6
115,163,1
115,113,81
115,26,1
115,111,2
115,91,1
115,127,9
115,78,1
115,114,37
115,128,2
115,246,1
115,126,6
115,106,2
115,70,1
115,118,11
115,167,1
115,232,2
115,137,1
115,102,1
115,86,1
115,224,1
115,107,1
115,112,1
115,119,11
115,25,1
115,237,1
115,116,6
115,117,16
115,101,1
115,200,1
115,120,7
115,104,1
115,242,1
115,110,1
115,122,2
115,103,1
115,125,8
115,124,11
115,121,6
115,133,1
115,144,1
116,123,1
116,113,31
116,147,1
116,105,1
116,114,6
116,126,2
116,115,6
116,70,1
116,35,1
116,107,1
116,141,1
116,48,1
116,117,1
116,131,1
116,120,1
116,6,1
116,87,1
116,122,4
116,154,1
116,124,2
117,123,1
117,113,15
117,201,1
117,100,1
117,91,1
117,114,11
117,17,1
117,52,1
117,128,1
117,126,4
117,115,16
117,70,1
117,81,2
117,118,4
117,3,1
117,84,1
117,202,1
117,15,1
117,33,1
117,119,13
117,77,1
117,116,1
117,141,1
117,219,2
117,48,1
117,101,1
117,175,1
117,120,10
117,32,1
117,217,1
117,103,1
117,231,1
117,124,1
117,89,3
117,208,1
117,144,1
118,113,14
118,149,1
118,111,1
118,185,1
118,109,1
118,114,8
118,135,1
118,128,1
118,126,1
118,115,11
118,119,8
118,48,1
118,117,4
118,120,8
118,104,1
118,142,1
118,103,1
118,125,1
118,140,1
118,108,1
118,124,1
118,121,1
119,123,2
119,113,40
119,201,1
119,100,1
119,197,1
119,105,1
119,139,1
119,130,1
119,114,23
119,135,1
119,128,2
119,115,11
119,118,8
119,9,1
119,137,1
119,97,3
119,102,3
119,107,1
119,112,2
119,117,13
119,101,2
119,131,1
119,104,6
119,120,55
119,110,2
119,122,1
119,103,32
119,125,1
119,251,1
119,133,1
120,113,37
120,74,1
120,127,1
120,255,1
120,109,1
120,130,1
120,114,21
120,135,1
120,128,2
120,126,1
120,115,7
120,81,1
120,118,8
120,134,1
120,97,2
120,102,2
120,119,55
120,77,1
120,237,1
120,116,1
120,117,10
120,101,1
120,104,7
120,122,1
120,103,14
120,140,2
120,124,1
120,121,1
120,133,1
121,123,8
121,179,1
121,113,26
121,72,1
121,127,1
121,105,2
121,109,1
121,114,1
121,64,1
121,22,1
121,17,1
121,128,1
121,106,1
121,115,6
121,81,1
121,34,2
121,70,1
121,118,1
121,97,1
121,102,3
121,107,1
121,36,1
121,101,3
121,160,1
121,120,1
121,125,2
121,157,1
121,124,16
121,98,1
121,144,1
122,123,5
122,113,8
122,119,1
122,99,1
122,116,4
122,115,2
122,127,1
122,249,1
122,3,1
122,124,12
122,109,2
122,120,1
122,114,5
122,17,1
123,113,60
123,74,1
123,185,1
123,127,5
123,147,1
123,109,1
123,114,12
123,54,1
123,128,2
123,106,10
123,115,6
123,102,1
123,107,2
123,119,2
123,116,1
123,117,1
123,101,1
123,122,5
123,125,3
123,124,30
123,121,8
124,123,30
124,113,29
124,10,1
124,149,1
124,74,1
124,111,2
124,127,18
124,68,1
124,114,10
124,22,1
124,128,5
124,99,1
124,61,1
124,126,3
124,106,1
124,115,11
124,21,1
124,118,1
124,102,1
124,86,1
124,107,2
124,116,2
124,253,1
124,48,1
124,219,1
124,117,1
124,101,1
124,104,1
124,120,1
124,110,1
124,62,1
124,230,1
124,122,12
124,125,10
124,121,16
125,123,3
125,113,6
125,111,3
125,127,7
125,71,1
125,78,1
125,109,2
125,114,2
125,243,1
125,128,1
125,61,1
125,126,12
125,115,8
125,81,1
125,118,1
125,94,2
125,97,1
125,252,1
125,156,1
125,86,1
125,119,1
125,200,1
125,62,1
125,87,1
125,83,2
125,65,1
125,124,10
125,89,1
125,121,2
125,133,1
126,179,1
126,113,8
126,91,1
126,114,2
126,17,1
126,24,1
126,96,1
126,115,6
126,118,1
126,94,1
126,44,1
126,102,1
126,112,1
126,116,2
126,117,4
126,120,1
126,62,1
126,125,12
126,108,1
126,124,3
126,89,1
127,123,5
127,113,20
127,45,1
127,114,2
127,233,1
127,243,1
127,128,2
127,115,9
127,70,1
127,107,1
127,112,1
127,253,1
127,120,1
127,122,1
127,125,7
127,83,1
127,108,1
127,49,1
127,124,18
127,121,1
128,123,2
128,113,8
128,150,1
128,127,2
128,147,2
128,114,1
128,177,1
128,54,1
128,115,2
128,118,1
128,156,2
128,224,1
128,119,2
128,25,1
128,219,1
128,117,1
128,90,1
128,249,1
128,120,2
128,125,1
128,140,1
128,55,1
128,63,1
128,124,5
128,82,1
128,121,1
129,155,4
129,185,4
129,150,2
129,147,2
129,45,1
129,139,5
129,138,1
129,130,3
129,135,9
129,132,4
129,106,1
129,81,1
129,134,23
129,152,2
129,137,11
129,145,1
129,156,7
129,153,2
129,143,1
129,136,18
129,141,1
129,160,2
129,131,6
129,146,2
129,159,4
129,140,4
129,154,4
129,158,3
129,157,6
129,133,55
129,148,2
130,129,3
130,155,2
130,111,1
130,192,1
130,16,1
130,138,1
130,135,3
130,134,13
130,152,2
130,153,3
130,119,1
130,136,6
130,25,1
130,160,1
130,151,1
130,131,1
130,120,1
130,108,1
130,157,1
130,208,1
130,133,33
130,144,1
131,129,6
131,184,1
131,149,8
131,155,10
131,185,1
131,192,3
131,150,2
131,147,7
131,139,1
131,138,7
131,130,1
131,187,2
131,135,19
131,182,1
131,132,8
131,81,1
131,134,61
131,152,3
131,137,11
131,254,1
131,145,2
131,102,1
131,156,3
131,153,4
131,143,5
131,119,1
131,136,17
131,212,1
131,141,12
131,116,1
131,88,1
131,101,2
131,151,3
131,90,1
131,160,2
131,142,3
131,146,3
131,159,3
131,87,1
131,140,7
131,154,3
131,158,6
131,157,4
131,89,1
131,27,1
131,133,33
131,148,3
131,144,7
132,129,4
132,235,1
132,149,2
132,155,1
132,185,1
132,192,1
132,147,2
132,17,1
132,135,16
132,134,21
132,137,3
132,156,2
132,153,2
132,143,4
132,136,4
132,141,4
132,48,1
132,69,1
132,151,2
132,131,8
132,142,3
132,110,1
132,140,1
132,154,1
132,157,2
132,208,1
132,133,45
132,144,3
133,129,55
133,149,14
133,155,16
133,192,2
133,185,3
133,91,2
133,16,1
133,150,3
133,147,5
133,139,19
133,138,16
133,130,33
133,114,1
133,171,1
133,187,3
133,135,75
133,2,1
133,132,45
133,183,2
133,115,1
133,207,1
133,134,241
133,152,5
133,137,60
133,178,4
133,153,14
133,102,5
133,15,1
133,145,7
133,107,1
133,188,2
133,143,4
133,218,1
133,119,1
133,136,93
133,141,15
133,36,1
133,101,1
133,160,4
133,151,2
133,131,33
133,120,1
133,142,25
133,146,11
133,6,3
133,159,6
133,32,1
133,186,1
133,103,5
133,140,16
133,1,1
133,125,1
133,154,5
133,158,11
133,65,1
133,157,12
133,92,1
133,148,2
133,144,5
134,129,23
134,184,2
134,149,18
134,155,12
134,74,2
134,72,1
134,10,1
134,185,1
134,192,1
134,150,4
134,147,23
134,139,13
134,138,15
134,130,13
134,187,3
134,135,74
134,14,1
134,99,1
134,132,21
134,152,2
134,137,32
134,202,1
134,254,2
134,252,1
134,153,10
134,156,10
134,145,9
134,86,1
134,143,11
134,136,116
134,141,22
134,215,1
134,175,2
134,31,1
134,131,61
134,104,1
134,142,28
134,146,12
134,160,8
134,151,5
134,229,1
134,159,2
134,120,1
134,228,1
134,140,13
134,154,6
134,158,15
134,157,7
134,89,2
134,208,1
134,133,241
134,148,6
134,144,17
135,113,2
135,129,9
135,149,14
135,155,7
135,185,2
135,150,5
135,16,1
135,147,4
135,161,1
135,172,1
135,139,1
135,138,7
135,130,3
135,114,1
135,233,1
135,165,1
135,132,16
135,118,1
135,134,74
135,152,3
135,137,11
135,153,4
135,156,5
135,145,1
135,58,1
135,188,2
135,143,1
135,119,1
135,136,30
135,141,9
135,101,1
135,160,6
135,151,2
135,131,19
135,104,1
135,146,6
135,142,2
135,120,1
135,205,1
135,110,1
135,159,1
135,140,3
135,154,4
135,158,3
135,65,1
135,157,5
135,133,75
135,148,2
135,144,5
136,129,18
136,149,8
136,155,14
136,100,1
136,185,1
136,192,1
136,150,1
136,147,6
136,139,1
136,138,9
136,130,6
136,51,1
136,177,1
136,135,30
136,132,4
136,134,116
136,152,2
136,137,6
136,145,6
136,153,9
136,156,1
136,86,1
136,141,4
136,101,1
136,151,3
136,160,19
136,131,17
136,142,2
136,146,3
136,159,7
136,103,1
136,140,3
136,154,7
136,158,19
136,108,1
136,157,9
136,133,93
136,144,4
137,129,11
137,149,2
137,155,3
137,192,2
137,185,2
137,150,5
137,91,1
137,147,4
137,139,14
137,138,21
137,177,1
137,135,11
137,180,1
137,99,1
137,132,3
137,115,1
137,81,1
137,189,1
137,134,32
137,145,2
137,153,2
137,156,1
137,188,7
137,143,10
137,119,1
137,136,6
137,141,11
137,48,1
137,151,2
137,131,11
137,142,34
137,146,2
137,20,1
137,159,2
137,140,8
137,158,3
137,157,3
137,89,1
137,27,1
137,133,60
137,148,3
137,144,4
138,129,1
138,149,3
138,155,5
138,100,1
138,185,3
138,192,1
138,197,1
138,255,1
138,139,1
138,130,1
138,187,2
138,135,7
138,134,15
138,137,21
138,153,5
138,145,2
138,156,2
138,188,7
138,143,1
138,136,9
138,77,1
138,141,1
138,75,1
138,160,2
138,151,1
138,131,7
138,142,1
138,159,3
138,62,1
138,140,2
138,158,5
138,157,3
138,89,1
138,133,16
139,129,5
139,155,1
139,185,2
139,150,1
139,138,1
139,177,1
139,135,1
139,134,13
139,137,14
139,119,1
139,136,1
139,141,2
139,151,1
139,131,1
139,142,8
139,103,4
139,140,4
139,89,1
139,133,19
140,129,4
140,225,1
140,185,1
140,91,1
140,150,1
140,147,1
140,139,4
140,138,2
140,177,1
140,135,3
140,128,1
140,132,1
140,118,1
140,134,13
140,152,1
140,137,8
140,178,1
140,107,1
140,188,1
140,136,3
140,77,1
140,141,1
140,131,7
140,120,2
140,142,1
140,242,1
140,53,1
140,154,1
140,158,1
140,231,1
140,133,16
140,148,2
141,129,1
141,149,5
141,155,1
141,185,4
141,91,1
141,150,3
141,147,7
141,71,1
141,139,2
141,138,1
141,187,2
141,135,9
141,132,4
141,207,1
141,134,22
141,137,11
141,156,2
141,153,1
141,143,1
141,136,4
141,116,1
141,88,1
141,117,1
141,131,12
141,142,32
141,146,1
141,32,1
141,140,1
141,158,1
141,65,1
141,157,1
141,89,2
141,27,1
141,85,1
141,133,15
141,148,2
141,144,3
142,192,2
142,185,2
142,150,2
142,139,8
142,138,1
142,187,4
142,135,2
142,132,3
142,118,1
142,134,28
142,152,1
142,137,34
142,153,1
142,143,14
142,136,2
142,237,1
142,141,32
142,131,3
142,146,2
142,103,1
142,140,1
142,158,1
142,27,1
142,133,25
142,148,1
142,144,6
143,135,1
143,129,1
143,155,2
143,138,1
143,132,4
143,141,1
143,192,1
143,185,1
143,193,1
143,134,11
143,151,2
143,137,10
143,131,5
143,146,1
143,142,14
143,133,4
143,153,1
143,144,1
144,221,1
144,192,1
144,150,1
144,67,1
144,147,1
144,130,1
144,187,1
144,135,5
144,132,3
144,115,1
144,134,17
144,152,2
144,137,4
144,97,1
144,252,1
144,153,2
144,156,1
144,145,1
144,143,1
144,136,4
144,141,3
144,219,1
144,117,1
144,31,1
144,131,7
144,142,6
144,146,2
144,205,1
144,154,4
144,157,2
144,208,1
144,121,1
144,133,5
144,148,1
145,129,1
145,149,1
145,155,1
145,100,2
145,147,5
145,138,2
145,51,1
145,243,1
145,135,1
145,207,1
145,134,9
145,137,2
145,97,1
145,153,7
145,136,6
145,160,3
145,131,2
145,104,1
145,146,9
145,159,2
145,158,10
145,157,2
145,133,7
145,148,5
145,144,1
146,129,2
146,155,7
146,185,1
146,150,2
146,91,1
146,147,7
146,187,1
146,135,6
146,134,12
146,152,3
146,137,2
146,145,9
146,143,1
146,136,3
146,141,1
146,160,2
146,131,3
146,142,2
146,159,2
146,186,1
146,154,3
146,158,5
146,157,3
146,133,11
146,148,1
146,144,2
147,123,1
147,12,1
147,113,1
147,129,2
147,149,12
147,155,1
147,150,4
147,114,1
147,233,1
147,17,1
147,135,4
147,128,2
147,132,2
147,134,23
147,137,4
147,35,1
147,145,5
147,153,6
147,156,1
147,136,6
147,141,7
147,116,1
147,234,1
147,101,1
147,160,4
147,151,2
147,131,7
147,146,7
147,140,1
147,154,3
147,158,3
147,157,2
147,133,5
147,148,9
147,144,1
148,129,2
148,149,1
148,155,1
148,100,1
148,72,1
148,192,1
148,147,9
148,197,1
148,135,2
148,134,6
148,152,1
148,137,3
148,153,1
148,145,5
148,156,1
148,77,2
148,141,2
148,160,1
148,131,3
148,146,1
148,142,1
148,79,1
148,140,2
148,158,1
148,157,8
148,133,2
148,144,1
149,150,6
149,147,12
149,138,3
149,114,1
149,135,14
149,132,2
149,70,1
149,118,1
149,134,18
149,152,2
149,137,2
149,153,6
149,145,1
149,136,8
149,141,5
149,160,8
149,151,6
149,131,8
149,159,1
149,154,2
149,158,1
149,157,1
149,89,1
149,124,1
149,133,14
149,148,1
150,129,2
150,149,6
150,155,2
150,192,3
150,147,4
150,139,1
150,135,5
150,57,1
150,128,1
150,70,1
150,134,4
150,137,5
150,153,2
150,156,1
150,136,1
150,141,3
150,88,2
150,90,1
150,200,1
150,131,2
150,146,2
150,142,2
150,159,2
150,140,1
150,154,2
150,158,1
150,157,2
150,133,3
150,144,1
151,149,6
151,111,1
151,147,2
151,139,1
151,138,1
151,130,1
151,135,2
151,132,2
151,81,1
151,134,5
151,152,1
151,137,2
151,153,1
151,156,2
151,86,1
151,143,2
151,136,3
151,199,2
151,131,3
151,87,1
151,186,2
151,158,1
151,157,1
151,89,1
151,133,2
151,250,1
152,129,2
152,149,2
152,155,1
152,67,1
152,130,2
152,135,3
152,81,1
152,70,1
152,134,2
152,232,1
152,153,1
152,136,2
152,90,1
152,151,1
152,131,3
152,146,3
152,142,1
152,32,2
152,62,1
152,103,1
152,140,1
152,65,1
152,157,2
152,133,5
152,148,1
152,144,2
153,129,2
153,149,6
153,155,4
153,192,2
153,150,2
153,256,1
153,147,6
153,138,5
153,130,3
153,187,1
153,135,4
153,132,2
153,134,10
153,152,1
153,137,2
153,145,7
153,156,6
153,58,1
153,224,1
153,102,1
153,143,1
153,136,9
153,141,1
153,151,1
153,160,8
153,131,4
153,142,1
153,159,3
153,62,1
153,154,10
153,158,6
153,157,12
153,133,14
153,148,1
153,144,2
154,129,4
154,149,2
154,155,4
154,150,2
154,147,3
154,177,1
154,135,4
154,132,1
154,134,6
154,153,10
154,156,2
154,136,7
154,206,1
154,116,1
154,60,1
154,160,2
154,131,3
154,146,3
154,159,1
154,204,1
154,140,1
154,83,1
154,158,5
154,157,4
154,133,5
154,144,4
155,26,1
155,129,4
155,210,1
155,150,2
155,147,1
155,139,1
155,138,5
155,130,2
155,135,7
155,54,1
155,132,1
155,134,12
155,152,1
155,137,3
155,153,4
155,156,4
155,145,1
155,112,1
155,143,2
155,136,14
155,141,1
155,193,1
155,101,1
155,160,4
155,131,10
155,104,1
155,146,7
155,205,1
155,159,5
155,154,4
155,158,11
155,157,6
155,133,16
155,148,1
156,129,7
156,155,4
156,150,1
156,147,1
156,138,2
156,135,5
156,54,1
156,128,2
156,132,2
156,134,10
156,137,1
156,153,6
156,15,1
156,136,1
156,141,2
156,101,2
156,151,2
156,160,5
156,131,3
156,90,1
156,159,5
156,125,1
156,154,2
156,158,4
156,157,3
156,89,1
156,165,1
156,148,1
156,144,1
157,129,6
157,149,1
157,155,6
157,192,3
157,150,2
157,147,2
157,105,1
157,138,3
157,130,1
157,177,1
157,187,1
157,135,5
157,132,2
157,134,7
157,152,2
157,137,3
157,97,2
157,153,12
157,156,3
157,145,2
157,136,9
157,141,1
157,101,1
157,160,9
157,151,1
157,131,4
157,146,3
157,32,1
157,159,8
157,110,1
157,186,1
157,154,4
157,158,16
157,121,1
157,133,12
157,148,8
157,144,2
158,129,3
158,26,1
158,149,1
158,155,11
158,185,1
158,150,1
158,147,3
158,73,2
158,138,5
158,51,2
158,233,1
158,135,3
158,134,15
158,137,3
158,252,1
158,153,6
158,145,10
158,156,4
158,188,3
158,136,19
158,141,1
158,160,15
158,151,1
158,131,6
158,146,5
158,142,1
158,159,6
158,50,1
158,140,1
158,154,5
158,157,16
158,133,11
158,148,1
159,129,4
159,149,1
159,155,5
159,74,2
159,72,1
159,150,2
159,138,3
159,135,1
159,182,1
159,54,3
159,99,1
159,106,1
159,134,2
159,137,2
159,153,3
159,145,2
159,156,5
159,33,2
159,136,7
159,253,1
159,60,1
159,101,1
159,75,3
159,160,27
159,175,1
159,131,3
159,104,1
159,146,2
159,50,1
159,154,1
159,158,6
159,157,8
159,82,1
159,133,6
160,129,2
160,42,1
160,155,4
160,74,1
160,72,1
160,149,8
160,147,4
160,46,1
160,73,3
160,138,2
160,51,1
160,130,1
160,177,1
160,135,6
160,54,1
160,99,1
160,134,8
160,153,8
160,145,3
160,156,5
160,33,2
160,136,19
160,60,1
160,75,1
160,131,2
160,146,2
160,159,27
160,154,2
160,158,15
160,157,9
160,82,1
160,121,1
160,133,4
160,148,1
161,168,2
161,163,1
161,174,2
161,201,1
161,169,1
161,162,5
161,16,1
161,172,8
161,171,4
161,135,1
161,11,1
161,189,4
161,167,7
161,232,1
161,176,1
161,59,1
161,31,2
161,166,1
161,37,1
161,170,3
161,165,3
162,168,3
162,173,2
162,166,4
162,174,1
162,163,1
162,169,1
162,164,2
162,208,1
162,189,1
162,167,4
162,161,5
162,172,1
162,175,1
162,170,3
162,190,1
162,205,1
163,243,1
163,168,1
163,166,5
163,221,1
163,83,1
163,162,1
163,237,1
163,115,1
163,193,1
163,37,1
163,175,3
163,167,3
163,172,1
163,161,1
163,208,2
163,78,1
163,22,1
164,243,1
164,168,4
164,166,3
164,174,1
164,173,1
164,176,1
164,169,3
164,162,2
164,167,5
164,172,1
164,171,2
164,170,2
164,190,1
165,168,4
165,174,1
165,169,3
165,172,8
165,161,3
165,171,4
165,135,1
165,248,1
165,167,41
165,213,1
165,156,1
165,77,1
165,48,1
165,175,3
165,31,1
165,190,1
165,166,10
165,251,2
165,208,1
165,170,5
166,168,2
166,163,5
166,174,1
166,169,1
166,162,4
166,28,1
166,161,1
166,172,1
166,171,1
166,177,1
166,243,1
166,164,3
166,167,18
166,176,1
166,175,3
166,190,2
166,205,1
166,204,1
166,165,10
167,168,38
167,163,3
167,169,5
167,162,4
167,172,5
167,161,7
167,171,1
167,173,1
167,164,5
167,115,1
167,34,1
167,189,3
167,199,1
167,175,4
167,191,3
167,205,1
167,166,18
167,170,5
167,165,41
168,163,1
168,174,4
168,162,3
168,192,1
168,172,1
168,161,2
168,171,1
168,173,2
168,164,4
168,189,2
168,167,38
168,175,1
168,191,1
168,190,1
168,166,2
168,83,1
168,223,1
168,170,2
168,165,4
169,174,2
169,162,1
169,28,1
169,172,5
169,161,1
169,171,2
169,173,3
169,164,3
169,167,5
169,227,1
169,44,1
169,175,1
169,31,2
169,249,1
169,191,3
169,190,1
169,166,1
169,208,2
169,37,1
169,170,11
169,165,3
170,168,2
170,174,4
170,169,11
170,162,3
170,28,1
170,192,1
170,172,3
170,161,3
170,171,1
170,164,2
170,207,1
170,189,3
170,167,5
170,254,1
170,176,1
170,193,1
170,175,4
170,191,1
170,103,1
170,251,1
170,208,5
170,27,2
170,165,5
171,168,1
171,174,2
171,169,2
171,161,4
171,172,10
171,165,4
171,187,1
171,173,2
171,164,2
171,189,1
171,167,1
171,80,1
171,202,2
171,234,1
171,175,1
171,31,1
171,191,1
171,166,1
171,170,1
171,133,1
172,168,1
172,163,1
172,174,1
172,169,5
172,162,1
172,192,2
172,161,8
172,171,10
172,173,4
172,135,1
172,164,1
172,189,2
172,167,5
172,176,1
172,206,1
172,23,1
172,219,1
172,31,3
172,191,5
172,166,1
172,208,1
172,170,3
172,165,8
173,62,1
173,168,2
173,174,9
173,176,2
173,169,3
173,164,1
173,162,2
173,108,1
173,11,1
173,189,4
173,172,4
173,167,1
173,208,1
173,171,2
173,191,1
173,205,1
174,168,4
174,12,1
174,169,2
174,162,1
174,28,1
174,172,1
174,161,2
174,171,2
174,173,9
174,164,1
174,66,1
174,70,1
174,189,1
174,213,1
174,176,1
174,219,1
174,175,1
174,31,4
174,191,5
174,190,1
174,166,1
174,208,1
174,170,4
174,165,1
175,168,1
175,163,3
175,174,1
175,169,1
175,162,1
175,255,2
175,38,1
175,171,1
175,222,1
175,167,4
175,134,2
175,176,19
175,117,1
175,190,1
175,205,1
175,159,1
175,166,3
175,231,1
175,98,1
175,170,4
175,165,3
176,173,2
176,166,1
176,174,1
176,164,1
176,189,1
176,172,1
176,161,1
176,175,19
176,170,1
176,191,1
176,205,1
177,179,30
177,184,4
177,16,2
177,255,2
177,139,1
177,17,1
177,18,7
177,182,13
177,180,1
177,128,1
177,61,1
177,183,12
177,34,3
177,84,5
177,178,17
177,137,1
177,35,1
177,102,1
177,33,1
177,107,1
177,136,1
177,212,1
177,160,1
177,230,1
177,166,1
177,217,1
177,140,1
177,154,1
177,157,1
177,89,2
177,98,1
177,37,1
178,179,3
178,33,1
178,133,4
178,182,3
178,186,1
178,180,1
178,10,1
178,99,1
178,140,1
178,1,1
178,183,5
178,34,2
178,36,1
178,177,17
179,182,12
179,180,17
179,99,1
179,126,1
179,199,1
179,183,8
179,185,1
179,89,2
179,90,1
179,178,3
179,181,2
179,121,1
179,177,30
179,6,1
180,179,17
180,182,2
180,183,14
180,16,1
180,34,1
180,137,1
180,177,1
180,178,1
180,18,1
181,179,2
181,182,58
181,184,7
181,202,1
181,183,24
181,207,1
181,16,2
181,89,7
181,84,1
181,90,4
181,31,1
182,179,12
182,184,23
182,185,1
182,16,1
182,5,1
182,177,13
182,18,1
182,17,1
182,180,2
182,183,34
182,81,1
182,181,58
182,84,3
182,7,1
182,178,3
182,94,1
182,23,1
182,90,4
182,131,1
182,159,1
182,89,9
182,85,4
183,179,8
183,133,2
183,85,1
183,182,34
183,184,7
183,180,14
183,6,2
183,18,1
183,16,1
183,70,1
183,220,1
183,38,1
183,90,1
183,178,5
183,89,1
183,181,24
183,177,12
183,229,1
184,192,1
184,177,4
184,18,1
184,182,23
184,61,1
184,183,7
184,181,7
184,3,1
184,134,2
184,84,3
184,9,1
184,94,1
184,33,1
184,69,1
184,90,1
184,31,1
184,131,1
184,240,1
184,89,4
184,85,4
185,179,1
185,123,1
185,129,4
185,197,2
185,78,1
185,139,2
185,138,3
185,114,1
185,135,2
185,182,1
185,132,1
185,118,1
185,134,1
185,137,2
185,97,1
185,86,1
185,143,1
185,136,1
185,212,1
185,141,4
185,88,1
185,101,1
185,90,1
185,131,1
185,142,2
185,146,1
185,20,1
185,186,1
185,53,1
185,140,1
185,1,2
185,158,1
185,89,5
185,133,3
186,188,2
186,87,1
186,213,1
186,225,1
186,83,1
186,185,1
186,48,1
186,88,1
186,255,3
186,146,1
186,157,1
186,151,2
186,178,1
186,238,1
186,233,2
186,133,1
186,32,1
187,188,9
187,87,1
187,211,1
187,153,1
187,103,1
187,138,2
187,192,1
187,141,2
187,134,3
187,157,1
187,31,1
187,131,2
187,146,1
187,142,4
187,133,3
187,171,1
187,144,1
188,135,2
188,186,2
188,140,1
188,158,3
188,220,1
188,137,7
188,138,7
188,133,2
188,187,9
188,229,1
189,168,2
189,173,4
189,174,1
189,235,1
189,176,1
189,162,1
189,192,1
189,167,3
189,161,4
189,172,2
189,137,1
189,170,3
189,191,4
189,190,4
189,171,1
189,195,1
190,168,1
190,166,2
190,31,1
190,214,1
190,174,1
190,169,1
190,164,1
190,162,1
190,189,4
190,175,1
190,202,1
190,191,3
190,165,1
191,173,1
191,168,1
191,174,5
191,31,1
191,176,1
191,169,3
191,192,2
191,251,1
191,11,1
191,189,4
191,172,5
191,167,3
191,171,1
191,170,1
191,190,3
192,168,1
192,184,1
192,28,3
192,150,3
192,172,2
192,138,1
192,130,1
192,114,1
192,187,1
192,66,1
192,132,1
192,189,1
192,134,1
192,137,2
192,153,2
192,143,1
192,136,1
192,88,1
192,19,1
192,131,3
192,142,2
192,191,2
192,32,1
192,65,1
192,157,3
192,170,1
192,133,2
192,148,1
192,144,1
193,163,1
193,235,1
193,201,4
193,155,1
193,244,1
193,256,1
193,197,106
193,67,1
193,233,1
193,241,2
193,195,59
193,243,1
193,196,28
193,56,2
193,248,1
193,207,2
193,209,1
193,202,4
193,227,2
193,239,1
193,254,1
193,224,1
193,194,111
193,143,1
193,199,49
193,237,1
193,39,1
193,90,1
193,198,34
193,249,1
193,200,21
193,203,2
193,31,1
193,205,1
193,230,1
193,204,2
193,228,2
193,223,1
193,251,2
193,245,1
193,208,4
193,170,1
194,235,1
194,210,1
194,197,38
194,5,1
194,247,1
194,195,38
194,196,11
194,248,1
194,207,1
194,209,1
194,227,1
194,202,1
194,86,1
194,199,25
194,193,111
194,198,12
194,200,13
194,203,3
194,205,2
194,229,1
194,230,1
195,26,2
195,201,1
195,67,1
195,197,40
195,233,1
195,241,1
195,196,16
195,248,1
195,207,4
195,209,1
195,189,1
195,202,3
195,254,1
195,194,38
195,206,2
195,25,1
195,199,24
195,212,3
195,237,1
195,219,2
195,193,59
195,59,1
195,198,27
195,200,23
195,203,6
195,205,5
195,32,1
195,228,3
195,231,1
195,208,2
196,194,11
196,246,1
196,199,2
196,193,28
196,197,4
196,198,1
196,200,1
196,195,16
197,225,5
197,201,1
197,28,1
197,185,2
197,255,1
197,138,1
197,195,40
197,241,1
197,196,4
197,2,1
197,207,1
197,227,2
197,202,5
197,213,2
197,254,2
197,194,38
197,119,1
197,199,36
197,253,1
197,193,106
197,39,1
197,198,52
197,200,46
197,203,3
197,226,1
197,229,1
197,208,2
197,148,1
198,196,1
198,194,12
198,217,1
198,201,3
198,199,17
198,241,1
198,94,1
198,219,1
198,193,34
198,197,52
198,202,1
198,200,8
198,203,2
198,195,27
199,179,1
199,256,2
199,197,36
199,255,23
199,247,2
199,109,3
199,241,7
199,195,24
199,196,2
199,56,1
199,167,1
199,227,1
199,239,1
199,254,1
199,224,1
199,194,25
199,218,1
199,253,4
199,193,49
199,39,2
199,198,17
199,151,2
199,249,14
199,200,36
199,205,1
199,228,1
199,251,3
199,208,2
199,250,1
200,235,2
200,225,1
200,150,1
200,197,46
200,255,4
200,195,23
200,196,1
200,115,1
200,194,13
200,199,36
200,234,1
200,193,21
200,198,8
200,249,2
200,203,8
200,205,1
200,125,1
200,251,2
200,250,1
201,210,1
201,236,1
201,225,3
201,244,2
201,197,1
201,161,1
201,247,1
201,38,1
201,195,1
201,248,1
201,202,2
201,239,1
201,213,1
201,252,1
201,119,1
201,206,1
201,237,2
201,219,2
201,193,4
201,117,1
201,234,1
201,220,1
201,198,3
201,31,1
201,20,1
201,205,2
201,32,2
201,231,3
202,214,1
202,201,2
202,28,1
202,197,5
202,247,1
202,171,2
202,195,3
202,243,1
202,14,2
202,70,1
202,134,1
202,232,2
202,227,1
202,7,2
202,252,1
202,216,1
202,218,1
202,194,1
202,206,1
202,212,1
202,253,1
202,219,1
202,193,4
202,117,1
202,234,1
202,220,1
202,198,1
202,31,4
202,249,1
202,190,1
202,242,1
202,205,1
202,229,2
202,230,2
202,226,1
202,181,1
203,204,3
203,194,3
203,225,1
203,193,2
203,197,3
203,247,1
203,198,2
203,200,8
203,35,1
203,195,6
204,166,1
204,228,1
204,222,1
204,10,1
204,154,1
204,67,1
204,207,1
204,193,2
204,255,1
204,208,1
204,249,1
204,203,3
205,214,1
205,235,3
205,201,2
205,155,1
205,221,1
205,162,1
205,225,1
205,105,1
205,38,1
205,51,1
205,195,5
205,52,1
205,173,1
205,243,1
205,135,1
205,222,1
205,248,1
205,61,1
205,66,1
205,207,2
205,29,2
205,70,1
205,209,1
205,167,1
205,227,2
205,202,1
205,213,1
205,97,1
205,211,3
205,194,2
205,218,1
205,176,1
205,206,4
205,199,1
205,219,1
205,193,1
205,234,1
205,30,1
205,59,1
205,220,1
205,175,1
205,31,1
205,200,1
205,240,1
205,166,1
205,217,3
205,49,1
205,144,1
206,214,2
206,225,1
206,201,1
206,172,1
206,238,2
206,241,1
206,195,2
206,243,1
206,64,1
206,248,2
206,207,3
206,232,1
206,227,1
206,239,5
206,213,2
206,202,1
206,219,1
206,48,2
206,205,4
206,217,1
206,154,1
207,214,1
207,197,1
207,195,4
207,241,1
207,248,1
207,99,2
207,232,2
207,239,1
207,213,3
207,254,3
207,145,1
207,194,1
207,206,3
207,141,1
207,253,8
207,48,1
207,193,2
207,205,2
207,229,1
207,230,1
207,204,1
207,228,3
207,217,1
207,208,2
207,170,1
207,181,1
207,133,1
207,250,1
208,163,2
208,174,1
208,10,1
208,26,1
208,169,2
208,100,1
208,162,1
208,28,5
208,67,2
208,197,2
208,172,1
208,78,1
208,130,1
208,114,1
208,109,1
208,195,2
208,17,1
208,173,1
208,56,1
208,132,1
208,207,2
208,11,1
208,134,1
208,239,1
208,224,1
208,211,1
208,237,2
208,199,2
208,48,2
208,193,4
208,39,1
208,23,1
208,234,1
208,88,1
208,117,1
208,90,1
208,31,3
208,230,1
208,62,2
208,204,1
208,228,1
208,231,1
208,170,5
208,165,1
208,250,1
208,144,1
208,8,1
209,214,3
209,235,2
209,210,25
209,244,1
209,247,5
209,238,2
209,233,1
209,195,1
209,243,2
209,227,1
209,213,1
209,252,6
209,254,2
209,211,6
209,194,1
209,212,13
209,215,1
209,193,1
209,240,1
209,242,2
209,226,1
209,205,1
209,230,2
209,228,1
209,250,1
210,228,1
210,213,2
210,194,1
210,211,3
210,225,1
210,155,1
210,237,1
210,212,1
210,226,1
210,201,1
210,209,25
210,219,2
210,244,1
210,254,1
210,238,9
210,233,3
210,241,1
211,250,1
211,228,1
211,205,3
211,210,3
211,246,1
211,248,1
211,187,1
211,212,1
211,209,6
211,234,2
211,244,1
211,247,1
211,208,1
211,249,1
211,233,3
211,242,3
211,241,3
211,32,1
212,235,4
212,210,1
212,185,1
212,256,2
212,247,2
212,233,1
212,177,1
212,195,3
212,243,1
212,222,1
212,209,13
212,202,1
212,227,1
212,44,1
212,211,1
212,77,1
212,237,1
212,215,1
212,234,1
212,219,1
212,59,3
212,131,1
212,65,1
212,85,1
213,174,1
213,214,2
213,235,1
213,210,2
213,201,1
213,197,2
213,247,1
213,238,5
213,233,3
213,241,1
213,243,1
213,248,1
213,246,1
213,66,1
213,207,3
213,209,1
213,252,2
213,216,2
213,206,2
213,237,1
213,60,1
213,234,1
213,219,1
213,240,1
213,226,1
213,205,1
213,230,1
213,228,2
213,186,1
213,251,1
213,231,2
213,245,1
213,165,1
214,205,1
214,202,1
214,235,1
214,206,2
214,209,3
214,207,1
214,255,1
214,220,1
214,247,1
214,239,2
214,213,2
214,254,1
214,190,1
214,241,2
215,228,1
215,216,5
215,53,1
215,237,1
215,241,1
215,212,1
215,253,5
215,209,1
215,234,1
215,255,1
215,134,1
215,229,3
215,17,1
216,230,1
216,228,1
216,213,2
216,235,4
216,246,1
216,225,3
216,217,1
216,215,5
216,238,1
216,105,1
216,232,1
216,202,1
216,240,7
216,233,8
216,226,2
216,229,2
217,216,1
217,218,55
217,205,3
217,206,1
217,100,1
217,103,1
217,241,1
217,207,1
217,219,19
217,117,1
217,220,17
217,198,1
217,254,2
217,177,1
217,242,1
217,226,1
218,205,1
218,217,55
218,72,1
218,100,1
218,237,1
218,199,1
218,219,1
218,256,1
218,255,1
218,19,1
218,202,1
218,133,1
218,241,3
219,174,1
219,26,2
219,210,2
219,201,2
219,221,3
219,67,1
219,244,1
219,172,1
219,238,1
219,195,2
219,17,1
219,52,1
219,56,1
219,128,1
219,34,1
219,202,1
219,94,1
219,213,1
219,224,3
219,218,1
219,206,1
219,237,1
219,212,1
219,23,1
219,117,2
219,59,1
219,198,1
219,31,1
219,205,1
219,6,1
219,217,19
219,223,5
219,65,1
219,124,1
219,144,1
220,224,5
220,188,1
220,214,1
220,222,1
220,235,1
220,217,17
220,201,1
220,225,1
220,221,5
220,183,1
220,223,8
220,67,1
220,234,1
220,255,1
220,231,1
220,202,1
220,205,1
220,229,1
221,224,24
221,163,1
221,222,27
221,235,1
221,205,1
221,223,51
221,55,1
221,48,1
221,219,3
221,220,5
221,31,1
221,144,1
222,230,1
222,224,16
222,204,1
222,221,27
222,212,1
222,223,54
222,48,1
222,220,1
222,175,1
222,205,1
223,224,89
223,168,1
223,222,54
223,26,1
223,221,51
223,219,5
223,193,1
223,220,8
224,222,16
224,128,1
224,225,1
224,221,24
224,199,1
224,223,89
224,253,1
224,219,3
224,48,1
224,255,1
224,256,2
224,115,1
224,193,1
224,220,5
224,232,1
224,208,1
224,35,1
224,153,1
225,235,9
225,210,1
225,236,2
225,201,3
225,197,5
225,255,10
225,247,3
225,238,2
225,233,16
225,241,12
225,243,1
225,246,1
225,232,10
225,227,14
225,239,1
225,252,6
225,254,3
225,224,1
225,216,3
225,206,1
225,237,4
225,253,3
225,234,5
225,220,1
225,249,1
225,203,1
225,200,1
225,205,1
225,226,73
225,229,8
225,230,2
225,228,74
225,186,1
225,140,1
225,251,2
225,231,9
225,250,1
226,235,19
226,210,1
226,236,4
226,225,73
226,244,1
226,256,1
226,197,1
226,255,7
226,68,1
226,233,11
226,241,3
226,243,1
226,24,1
226,209,1
226,232,11
226,202,1
226,227,5
226,213,1
226,254,3
226,252,1
226,216,2
226,237,4
226,234,4
226,249,1
226,242,1
226,229,12
226,230,7
226,228,15
226,217,1
226,251,4
226,231,9
226,245,2
226,250,4
227,235,13
227,236,4
227,169,1
227,225,14
227,244,1
227,16,1
227,197,2
227,256,1
227,255,1
227,247,2
227,114,1
227,233,7
227,241,5
227,248,1
227,246,4
227,209,1
227,232,2
227,202,1
227,254,1
227,194,1
227,206,1
227,199,1
227,237,5
227,212,1
227,253,1
227,234,2
227,193,2
227,249,2
227,242,3
227,205,2
227,226,5
227,230,2
227,229,3
227,228,23
227,251,3
227,231,2
227,250,6
228,235,23
228,210,1
228,236,8
228,225,74
228,244,3
228,67,3
228,255,14
228,247,2
228,238,1
228,233,9
228,241,57
228,195,3
228,243,2
228,248,1
228,246,1
228,207,3
228,209,1
228,134,1
228,232,4
228,227,23
228,239,1
228,213,2
228,252,13
228,254,3
228,211,1
228,216,1
228,237,4
228,199,1
228,215,1
228,253,4
228,234,7
228,193,2
228,31,1
228,249,2
228,240,2
228,242,6
228,226,15
228,229,3
228,230,3
228,204,1
228,251,7
228,231,1
228,245,5
228,208,1
228,250,6
229,235,3
229,236,1
229,225,8
229,244,1
229,197,1
229,255,1
229,238,3
229,233,4
229,243,1
229,248,4
229,183,1
229,207,1
229,3,1
229,134,1
229,232,3
229,202,2
229,239,7
229,227,3
229,254,2
229,252,1
229,188,1
229,216,2
229,194,1
229,237,1
229,215,3
229,234,2
229,220,1
229,240,2
229,242,3
229,226,12
229,230,9
229,228,3
229,231,4
229,245,3
230,235,3
230,236,4
230,225,2
230,256,2
230,247,2
230,238,1
230,233,4
230,177,1
230,243,3
230,222,1
230,248,1
230,246,3
230,207,1
230,209,2
230,232,2
230,227,2
230,239,2
230,213,1
230,254,1
230,202,2
230,216,1
230,194,1
230,237,1
230,253,1
230,234,1
230,193,1
230,240,3
230,242,1
230,226,7
230,229,9
230,228,3
230,55,1
230,231,3
230,245,2
230,124,1
230,208,1
230,250,5
231,235,6
231,236,5
231,201,3
231,225,9
231,255,3
231,233,8
231,195,1
231,241,1
231,243,1
231,248,1
231,246,2
231,3,2
231,232,4
231,227,2
231,213,2
231,254,2
231,252,2
231,237,1
231,234,10
231,117,1
231,101,1
231,220,1
231,175,1
231,226,9
231,229,4
231,230,3
231,228,1
231,140,1
231,251,1
231,245,1
231,208,1
231,250,1
232,235,12
232,236,2
232,225,10
232,100,1
232,111,1
232,244,1
232,161,1
232,247,2
232,233,10
232,241,1
232,248,1
232,207,2
232,115,2
232,152,1
232,227,2
232,202,2
232,252,4
232,254,3
232,86,1
232,224,1
232,216,1
232,206,1
232,253,1
232,234,2
232,242,1
232,226,11
232,229,3
232,230,2
232,228,4
232,251,4
232,231,4
233,235,53
233,210,3
233,236,32
233,225,16
233,244,4
233,127,1
233,147,1
233,255,4
233,105,1
233,247,2
233,238,17
233,114,2
233,241,10
233,195,1
233,243,1
233,135,1
233,246,5
233,209,1
233,232,10
233,227,7
233,239,2
233,213,3
233,254,3
233,252,4
233,211,3
233,216,8
233,237,21
233,212,1
233,253,9
233,234,36
233,193,1
233,240,9
233,242,2
233,226,11
233,229,4
233,230,4
233,228,9
233,186,2
233,158,1
233,251,1
233,231,8
233,245,3
233,250,4
234,235,13
234,236,17
234,225,5
234,201,1
234,244,4
234,147,1
234,255,3
234,247,2
234,71,1
234,171,1
234,238,1
234,233,36
234,241,5
234,243,2
234,248,1
234,246,1
234,232,2
234,227,2
234,202,1
234,213,1
234,254,6
234,211,2
234,237,3
234,212,1
234,215,1
234,253,1
234,220,1
234,200,1
234,240,2
234,226,4
234,229,2
234,205,1
234,230,1
234,228,7
234,251,2
234,231,10
234,245,1
234,208,1
234,250,1
235,214,1
235,236,32
235,225,9
235,74,1
235,221,1
235,244,3
235,256,3
235,255,5
235,247,6
235,238,7
235,233,53
235,241,10
235,243,8
235,248,3
235,246,7
235,132,1
235,209,2
235,29,1
235,189,1
235,232,12
235,239,8
235,227,13
235,213,1
235,254,9
235,252,3
235,216,4
235,194,1
235,237,11
235,212,4
235,253,3
235,234,13
235,193,1
235,220,1
235,249,1
235,240,6
235,200,2
235,242,6
235,226,19
235,229,3
235,205,3
235,230,3
235,228,23
235,103,1
235,251,7
235,231,6
235,245,9
235,27,1
235,250,8
236,235,32
236,225,2
236,201,1
236,244,13
236,255,4
236,247,7
236,238,1
236,233,32
236,241,14
236,243,2
236,246,3
236,232,2
236,227,4
236,252,2
236,237,1
236,234,17
236,249,1
236,240,1
236,242,2
236,226,4
236,229,1
236,230,4
236,228,8
236,251,2
236,231,5
236,245,8
236,250,3
237,163,1
237,235,11
237,210,1
237,236,1
237,225,4
237,201,2
237,244,2
237,255,1
237,238,2
237,233,21
237,195,1
237,241,5
237,115,1
237,239,1
237,227,5
237,213,1
237,252,1
237,218,1
237,212,1
237,215,1
237,253,1
237,234,3
237,219,1
237,193,1
237,101,2
237,75,1
237,120,1
237,142,1
237,240,1
237,242,2
237,226,4
237,229,1
237,230,1
237,228,4
237,103,1
237,231,1
237,208,2
237,250,1
238,235,7
238,210,9
238,236,1
238,225,2
238,233,17
238,241,1
238,243,1
238,248,1
238,246,1
238,209,2
238,239,5
238,213,5
238,252,2
238,216,1
238,206,2
238,237,2
238,219,1
238,234,1
238,242,1
238,229,3
238,230,1
238,228,1
238,186,1
238,245,2
238,250,2
239,214,2
239,235,8
239,201,1
239,225,1
239,255,1
239,238,5
239,233,2
239,241,1
239,248,2
239,246,2
239,207,1
239,252,1
239,206,5
239,199,1
239,237,1
239,193,1
239,249,1
239,240,11
239,229,7
239,230,2
239,228,1
239,245,3
239,208,1
240,235,6
240,184,1
240,236,1
240,100,1
240,247,1
240,233,9
240,241,1
240,243,2
240,209,1
240,239,11
240,213,1
240,252,1
240,254,1
240,216,7
240,237,1
240,234,2
240,90,1
240,205,1
240,229,2
240,230,3
240,228,2
240,245,1
241,214,2
241,235,10
241,210,1
241,236,14
241,225,12
241,26,1
241,244,10
241,256,5
241,197,1
241,255,6
241,247,7
241,109,1
241,238,1
241,233,10
241,195,1
241,243,12
241,248,1
241,246,5
241,207,1
241,232,1
241,227,5
241,239,1
241,213,1
241,252,7
241,254,3
241,211,3
241,218,3
241,206,1
241,237,5
241,199,7
241,215,1
241,253,5
241,234,5
241,193,2
241,198,1
241,249,13
241,240,1
241,242,16
241,226,3
241,228,57
241,217,1
241,251,6
241,231,1
241,245,3
241,250,17
242,235,6
242,236,2
242,244,1
242,255,1
242,38,1
242,238,1
242,233,2
242,241,16
242,243,1
242,248,1
242,246,1
242,209,2
242,115,1
242,232,1
242,227,3
242,202,1
242,252,1
242,211,3
242,237,2
242,249,5
242,226,1
242,229,3
242,230,1
242,228,6
242,217,1
242,140,1
242,251,3
242,245,1
243,163,1
243,235,8
243,236,2
243,225,1
243,244,2
243,127,1
243,256,3
243,4,1
243,247,2
243,238,1
243,233,1
243,241,12
243,246,1
243,164,1
243,209,2
243,202,1
243,213,1
243,252,2
243,254,2
243,145,1
243,206,1
243,77,1
243,212,1
243,234,2
243,193,1
243,249,5
243,240,2
243,242,1
243,205,1
243,229,1
243,230,3
243,226,1
243,166,1
243,228,2
243,125,1
243,251,3
243,231,1
243,245,6
243,250,12
244,235,3
244,210,1
244,236,13
244,201,2
244,256,1
244,255,1
244,247,2
244,233,4
244,241,10
244,18,1
244,243,2
244,246,5
244,209,1
244,232,1
244,227,1
244,252,2
244,211,1
244,237,2
244,234,4
244,193,1
244,219,1
244,242,1
244,226,1
244,229,1
244,228,3
244,251,1
244,245,1
244,250,2
245,235,9
245,236,8
245,244,1
245,255,2
245,247,3
245,238,2
245,233,3
245,241,3
245,243,6
245,248,3
245,246,9
245,239,3
245,213,1
245,254,3
245,35,1
245,234,1
245,193,1
245,249,1
245,240,1
245,242,1
245,226,2
245,229,3
245,230,2
245,228,5
245,251,3
245,231,1
245,250,9
246,235,7
246,42,1
246,225,1
246,236,3
246,244,5
246,256,3
246,247,3
246,238,1
246,233,5
246,241,5
246,243,1
246,196,1
246,248,2
246,115,1
246,227,4
246,239,2
246,213,1
246,252,2
246,254,1
246,211,1
246,216,1
246,253,1
246,234,1
246,249,3
246,242,1
246,230,3
246,228,1
246,50,1
246,251,2
246,231,2
246,245,9
246,37,1
246,250,17
247,214,1
247,235,6
247,236,7
247,225,3
247,201,1
247,244,2
247,255,3
247,233,2
247,241,7
247,243,2
247,246,3
247,209,5
247,232,2
247,202,1
247,227,2
247,213,1
247,252,4
247,211,1
247,194,1
247,199,2
247,212,2
247,234,2
247,249,1
247,203,1
247,240,1
247,230,2
247,228,2
247,245,3
247,250,5
248,235,3
248,201,1
248,67,1
248,238,1
248,241,1
248,195,1
248,246,2
248,207,1
248,232,1
248,227,1
248,239,2
248,213,1
248,211,1
248,194,1
248,206,2
248,234,1
248,193,1
248,19,1
248,31,2
248,242,1
248,205,1
248,229,4
248,230,1
248,228,1
248,251,1
248,231,1
248,245,3
248,165,1
249,235,1
249,236,1
249,225,1
249,169,1
249,256,12
249,255,21
249,247,1
249,241,13
249,243,5
249,246,3
249,128,1
249,227,2
249,202,1
249,239,1
249,252,2
249,211,1
249,199,14
249,253,2
249,193,1
249,39,1
249,200,2
249,242,5
249,226,1
249,204,1
249,228,2
249,122,1
249,251,18
249,245,1
249,250,34
250,235,8
250,236,3
250,225,1
250,244,2
250,256,5
250,255,8
250,247,5
250,238,2
250,233,4
250,241,17
250,243,12
250,246,17
250,209,1
250,207,1
250,227,6
250,252,8
250,254,2
250,211,1
250,199,1
250,237,1
250,60,1
250,234,1
250,39,3
250,151,1
250,249,34
250,200,1
250,226,4
250,230,5
250,228,6
250,251,14
250,231,1
250,245,9
250,208,1
251,235,7
251,236,2
251,225,2
251,244,1
251,256,1
251,255,15
251,233,1
251,241,6
251,243,3
251,248,1
251,246,2
251,232,4
251,227,3
251,213,1
251,254,11
251,252,5
251,86,1
251,119,1
251,77,2
251,199,3
251,253,1
251,234,2
251,193,2
251,39,2
251,249,18
251,200,2
251,191,1
251,242,3
251,226,4
251,228,7
251,231,1
251,245,3
251,170,1
251,165,2
251,250,14
252,235,3
252,236,2
252,225,6
252,201,1
252,72,1
252,244,2
252,255,2
252,247,4
252,238,2
252,233,4
252,241,7
252,18,1
252,243,2
252,246,2
252,209,6
252,134,1
252,232,4
252,239,1
252,202,1
252,213,2
252,254,1
252,107,1
252,237,1
252,253,1
252,48,1
252,249,2
252,240,1
252,242,1
252,226,1
252,229,1
252,32,1
252,228,13
252,125,1
252,158,1
252,251,5
252,231,2
252,250,8
252,144,1
253,235,3
253,225,3
253,256,2
253,197,1
253,255,10
253,127,1
253,38,1
253,233,9
253,241,5
253,246,1
253,207,8
253,232,1
253,202,1
253,227,1
253,254,9
253,252,1
253,102,1
253,224,1
253,199,4
253,237,1
253,215,5
253,234,1
253,36,2
253,249,2
253,159,1
253,230,1
253,228,4
253,251,1
253,124,1
254,214,1
254,235,9
254,210,1
254,225,3
254,111,1
254,256,4
254,197,2
254,255,9
254,233,3
254,195,1
254,241,3
254,243,2
254,56,1
254,246,1
254,207,3
254,209,2
254,134,2
254,232,3
254,227,1
254,252,1
254,102,1
254,25,1
254,199,1
254,253,9
254,234,6
254,88,1
254,193,1
254,60,1
254,39,1
254,31,1
254,131,1
254,240,1
254,226,3
254,229,2
254,230,1
254,228,3
254,217,2
254,251,11
254,231,2
254,245,3
254,170,1
254,250,2
255,113,2
255,214,1
255,235,5
255,236,4
255,225,10
255,100,1
255,111,1
255,244,1
255,256,12
255,197,1
255,247,3
255,138,1
255,114,1
255,233,4
255,177,2
255,241,6
255,239,1
255,227,1
255,254,9
255,252,2
255,224,1
255,218,1
255,77,2
255,199,23
255,237,1
255,215,1
255,253,10
255,234,3
255,101,1
255,220,1
255,175,2
255,249,21
255,200,4
255,120,1
255,242,1
255,226,7
255,229,1
255,110,1
255,204,1
255,228,14
255,186,3
255,251,15
255,231,3
255,245,2
255,89,1
255,250,8
256,235,3
256,244,1
256,255,12
256,241,5
256,243,3
256,246,3
256,227,1
256,254,4
256,153,1
256,224,2
256,218,1
256,199,2
256,212,2
256,253,2
256,193,1
256,249,12
256,226,1
256,230,2
256,251,1
256,250,5
